trigger,micro,r_best,r_exec,gap_best_minus_exec
AS,0,-17.130063124286433,-17.130063124286433,0.0
AS,1,-3.1300631242864316,-3.1465335191442967,0.016470394857865056
AS,2,-0.0406944955306274,-0.0600262587824191,0.0193317632517917
AS,3,-2.62587824190752e-05,-2.62587824190752e-05,0.0
AS,4,-5.1693934396590455,-5.176590908290157,0.00719746863111137
AS,5,-5.161084991923901,-5.161084991923901,0.0
AS,6,-5.176622612813584,-5.176622612813584,0.0
AS,7,-3.161084991923905,-3.161084991923905,0.0
AS,8,-5.700353867993391e-05,-5.700353867993391e-05,0.0
AS,9,-3.1465633685473007,-3.1465633685473007,0.0
AS,10,-0.0153541684669961,-0.0153541684669961,0.0
AS,11,-0.0146019107932514,-0.0146019107932514,0.0
AS,12,-0.0046019107932514,-0.0046019107932514,0.0
AS,13,-15.152034618509765,-15.152034618509765,0.0
AS,14,-5.152034618509764,-5.166835788945351,0.014801170435586819
AS,15,-0.0305203408290665,-0.0305203408290665,0.0
AS,16,-3.175519747491856,-3.175519747491856,0.0
AS,17,-5.15852222996438,-5.15852222996438,0.0
AS,18,0.0065092165764988,0.0065092165764988,0.0
AS,19,-7.142527468729339,-7.142527468729339,0.0
AS,20,0.0252323428876855,0.0252323428876855,0.0
AS,21,-19.126598641516463,-19.126598641516463,0.0
AS,22,0.0439272084614707,0.0439272084614707,0.0
AS,23,0.0639272084614707,0.0639272084614707,0.0
AS,24,-0.0160551848407507,-0.0160551848407507,0.0
AS,25,0.0439371305907516,0.0439371305907516,0.0
AS,26,-5.109201919635482,-5.109201919635482,0.0
AS,27,-3.10920191963548,-3.1266063260849575,0.017404406449477605
AS,28,0.0439371305907516,0.0439371305907516,0.0
AS,29,-1.1092019196354836,-1.1092019196354836,0.0
AS,30,-5.141094339358052,-5.149565791764811,0.008471452406759283
AS,31,-1.1317258999793856,-1.1317258999793856,0.0
AS,32,0.0356960822391238,0.0356960822391238,0.0
AS,33,0.0356960822391238,0.0356960822391238,0.0
AS,34,0.0356960822391238,0.0356960822391238,0.0
AS,35,-1.1333077993608398,-1.1333077993608398,0.0
AS,36,-1.1174943335749772,-1.1174943335749772,0.0
AS,37,0.050554908849265,0.050554908849265,0.0
AS,38,-1.0999998340360249,-1.0999998340360249,0.0
AS,39,-1.085758465531938,-1.085758465531938,0.0
AS,40,-5.07124566791792,-5.07124566791792,0.0
AS,41,-5.07124566791792,-5.085740904732272,0.014495236814351387
AS,42,-5.07124566791792,-5.07124566791792,0.0
AS,43,0.1050800896578347,0.1050800896578347,0.0
AS,44,-5.085740904732272,-5.085740904732272,0.0
AS,45,-5.093054299988653,-5.099975634829609,0.006921334840956028
AS,46,0.070695360841384,0.070695360841384,0.0
AS,47,-0.0906611722830267,-0.2920053436665798,0.20134417138355312
AS,48,0.0879946563334201,0.0879946563334201,0.0
AS,49,0.0879946563334201,0.0879946563334201,0.0
AS,50,-7.0857409047322735,-7.099981684378205,0.014240779645931845
AS,51,-1.085740904732274,-1.085740904732274,0.0
AS,52,-11.093060254314675,-11.099981684378209,0.006921430063533407
AS,53,0.0706893112927903,0.0706893112927903,0.0
AS,54,-3.0857409047322757,-3.0857409047322757,0.0
AS,55,0.0879644822510412,0.0879644822510412,0.0
AS,56,0.0293080092099264,0.0106639219109023,0.0186440872990241
AS,57,0.0706639219109024,0.0706639219109024,0.0
AS,58,0.0706639219109024,0.0706639219109024,0.0
AS,59,-5.085769926147453,-5.085769926147453,0.0
AS,60,0.0529643417704365,0.0529643417704365,0.0
AS,61,-1.100232395833669,-1.100232395833669,0.0
AS,62,0.0709394123008896,0.0709394123008896,0.0
AS,63,0.0709394123008896,0.0709394123008896,0.0
AS,64,-5.083999542817896,-5.083999542817896,0.0
AS,65,0.0019330617980576,-0.0178323934661517,0.019765455264209298
AS,66,0.0421676065338483,0.0421676065338483,0.0
AS,67,-1.1080837823484586,-1.1080837823484586,0.0
AS,68,0.0614588300516237,0.0614588300516237,0.0
AS,69,-3.093635379324315,-3.1246334287149966,0.030998049390681626
AS,70,0.0019330617980576,0.0014588300516236,0.000474231746434
AS,71,0.0614588300516237,0.0614588300516237,0.0
AS,72,0.0614588300516237,0.0614588300516237,0.0
AS,73,0.0614588300516237,0.0614588300516237,0.0
AS,74,-1.093635379324319,-1.093635379324319,0.0
AS,75,0.0788011200687318,0.0788011200687318,0.0
AS,76,-1.108083782348464,-1.108083782348464,0.0
AS,77,0.0614588300516237,0.0614588300516237,0.0
AS,78,-13.093635379324317,-13.093635379324317,0.0
AS,79,-3.0776578961747085,-3.1080837823484546,0.030425886173746086
AS,80,-9.09363537932432,-9.09363537932432,0.0
AS,81,-0.5985411699483756,-0.5985411699483756,0.0
AS,82,-5.093635379324318,-5.093635379324318,0.0
AS,83,0.0788011200687318,0.0788011200687318,0.0
AS,84,-7.077657896174712,-7.077657896174712,0.0
AS,85,-11.061741139992456,-11.061741139992456,0.0
AS,86,-21.045611743622956,-21.077605065312152,0.03199332168919611
AS,87,0.0978163730753856,0.0978163730753856,0.0
AS,88,-1.061741139992458,-1.061741139992458,0.0
AS,89,0.1167483240478531,0.1167483240478531,0.0
AS,90,-1.0700181148257375,-1.0700181148257375,0.0
AS,91,0.1066574199193934,0.1066574199193934,0.0
AS,92,-7.054649386489098,-7.054649386489098,0.0
AS,93,-0.0733425800806059,-0.0733425800806059,0.0
AS,94,-7.054649386489098,-7.054649386489098,0.0
AS,95,0.1012725994175768,0.1012725994175768,0.0
AS,96,-5.05928382474468,-5.090879862870027,0.03159603812534684
AS,97,-5.074719767753305,-5.074719767753305,0.0
AS,98,-0.0592765918469766,-0.2605722622012013,0.2012956703542247
AS,99,0.1194277377987987,0.1194277377987987,0.0
AS,100,0.1194729771745067,0.1194729771745067,0.0
AS,101,0.1194729771745067,0.1194729771745067,0.0
AS,102,0.1194729771745067,0.1194729771745067,0.0
AS,103,0.078677311840475,0.0783685145956155,0.00030879724485949334
AS,104,-3.059256348525235,-3.059256348525235,0.0
AS,105,-7.043531602729766,-7.043531602729766,0.0
AS,106,-1.05929155981811,-1.05929155981811,0.0
AS,107,-0.0416817975297988,-0.0416817975297988,0.0
AS,108,-0.0228151290248453,-0.0228151290248453,0.0
AS,109,-1.027629671443551,-1.043531602729772,0.01590193128622097
AS,110,-1.059284011702981,-1.059284011702981,0.0
AS,111,0.1194239986329419,0.1194239986329419,0.0
AS,112,-5.043524374977578,-5.043524374977578,0.0
AS,113,-11.059284011702978,-11.059284011702978,0.0
AS,114,-3.043524374977583,-3.043524374977583,0.0
AS,115,-0.0222985928859782,-0.2228117045658466,0.2005131116798684
AS,116,0.1571882954341533,0.1571882954341533,0.0
AS,117,-9.027622573396476,-9.043524184740011,0.015901611343535293
AS,118,0.1383220058024365,0.1383220058024365,0.0
AS,119,0.0786314462459029,0.0594277377987986,0.019203708447104305
AS,120,-7.0435241847400105,-7.0435241847400105,0.0
AS,121,-11.059283824744686,-11.059283824744686,0.0
AS,122,0.1194277377987987,0.1194277377987987,0.0
AS,123,-5.043524184740009,-5.043524184740009,0.0
AS,124,0.1383220058024365,0.1383220058024365,0.0
AS,125,0.1104491682352558,0.1104491682352558,0.0
AS,126,-1.0824705404305406,-1.0824705404305406,0.0
AS,127,-5.066603138086597,-5.066603138086597,0.0
AS,128,0.0314788327658383,0.0314788327658383,0.0
AS,129,-13.0666031380866,-13.0666031380866,0.0
AS,130,-9.070769314957984,-9.070769314957984,0.0
AS,131,-3.0707693149579796,-3.0866609686290625,0.015891653671082917
AS,132,0.0451445759224522,0.0451445759224522,0.0
AS,133,-1.0866609686290716,-1.0945984615196716,0.007937492890599973
AS,134,-7.1109840534081945,-7.1109840534081945,0.0
AS,135,0.0574746954357206,0.0574746954357206,0.0
AS,136,0.0574746954357206,0.0574746954357206,0.0
AS,137,-3.0945149255229927,-3.0945149255229927,0.0
AS,138,-0.0837388890208622,-0.0847717547803714,0.0010328657595091995
AS,139,0.0547811842302639,0.0542893792884592,0.0004918049418047021
AS,140,0.1141951714530044,0.1141951714530044,0.0
AS,141,-5.047076722132099,-5.047076722132099,0.0
AS,142,0.1326713247089145,0.1326713247089145,0.0
AS,143,-3.031549568264798,-3.031549568264798,0.0
AS,144,-9.01702176497796,-9.047076722132102,0.030054957154142414
AS,145,-3.0314686803873148,-3.0314686803873148,0.0
AS,146,0.1514366109770276,0.1514366109770276,0.0
AS,147,-0.8872480555544195,-0.8872480555544195,0.0
AS,148,0.0914366109770275,0.0914366109770275,0.0
AS,149,-3.01694062648022,-3.01694062648022,0.0
AS,150,-0.0285506083748658,-0.0285506083748658,0.0
AS,151,-3.0169283470638737,-3.0169283470638737,0.0
AS,152,0.1692168392039849,0.1692168392039849,0.0
AS,153,-11.023334214670824,-11.03145589973921,0.008121685068386952
AS,154,-1.0469827854750575,-1.0469827854750575,0.0
AS,155,-5.031455899739205,-5.031455899739205,0.0
AS,156,0.1514493916251335,0.1514493916251335,0.0
AS,157,-15.03878600367308,-15.046982785475048,0.008196781801968811
AS,158,-5.062665084702074,-5.062665084702074,0.0
AS,159,-3.0790814066047663,-3.0790814066047663,0.0
AS,160,-0.0652884194340924,-0.0657805709451027,0.0004921515110102997
AS,161,0.1142194290548971,0.1142194290548971,0.0
AS,162,-7.079150646561883,-7.079150646561883,0.0
AS,163,-11.062735034935631,-11.062735034935631,0.0
AS,164,-1.0627350349356426,-1.0791506465618887,0.016415611626246163
AS,165,0.0952282452196284,0.0952282452196284,0.0
AS,166,-11.062665084702072,-11.062665084702072,0.0
AS,167,0.1142893792884592,0.1142893792884592,0.0
AS,168,0.1142893792884592,0.1142893792884592,0.0
AS,169,0.094781184230264,0.094781184230264,0.0
AS,170,0.0807222709222205,0.0807222709222205,0.0
AS,171,0.1007222709222205,0.1007222709222205,0.0
AS,172,-7.05851916426315,-7.05851916426315,0.0
AS,173,-3.058519164263146,-3.0748342278127248,0.016315063549578568
AS,174,-5.058519164263148,-5.058519164263148,0.0
AS,175,0.0998844068603053,0.0998844068603053,0.0
AS,176,0.0998844068603053,0.0998844068603053,0.0
AS,177,0.0998844068603053,0.0998844068603053,0.0
AS,178,-0.0803391472122105,-0.0998986693163638,0.019559522104153307
AS,179,-7.076085592826539,-7.076085592826539,0.0
AS,180,-0.0623999724564753,-0.0623999724564753,0.0
AS,181,-1.045044234752696,-1.045044234752696,0.0
AS,182,0.1377627886172049,0.1377627886172049,0.0
AS,183,-1.0201742343290023,-1.0201742343290023,0.0
AS,184,0.12627751131262,0.0055867275893194,0.1206907837233006
AS,185,-7.020163138679271,-7.020163138679271,0.0
AS,186,0.1668381765333552,0.1668381765333552,0.0
AS,187,-3.0047507145962,-3.0047507145962,0.0
AS,188,-0.9897992735015968,-0.9897992735015968,0.0
AS,189,0.2040145299680591,0.2040145299680591,0.0
AS,190,0.1255867275893192,0.1255867275893192,0.0
AS,191,0.1855867275893192,0.1855867275893192,0.0
AS,192,-0.9897992735016024,-1.020174234329008,0.03037496082740554
AS,193,0.1255867275893192,0.1255867275893192,0.0
AS,194,0.0254819729330592,-0.1759854700319408,0.201467442965
AS,195,0.2040145299680591,0.2040145299680591,0.0
AS,196,0.2040145299680591,0.2040145299680591,0.0
AS,197,-4.989799273501595,-5.004763989001905,0.014964715500309644
AS,198,0.185584072625199,0.185584072625199,0.0
AS,199,0.0240145299680588,0.0240145299680588,0.0
AS,200,-5.004761334037784,-5.004761334037784,0.0
AS,201,-12.989799273501596,-12.989799273501596,0.0
AS,202,-4.996398154830452,-5.004761334037784,0.00836317920733265
AS,203,0.12627751131262,-0.0131729191163768,0.1394504304289968
AS,204,-3.004761334037783,-3.035936403466464,0.0311750694286812
AS,205,0.147762788617205,0.147762788617205,0.0
AS,206,-0.0527783566009176,-0.0527783566009176,0.0
AS,207,0.1272216433990817,0.1272216433990817,0.0
AS,208,-3.035936403466469,-3.035936403466469,0.0
AS,209,0.147762788617205,0.147762788617205,0.0
AS,210,-0.013161823466645,-0.013161823466645,0.0
AS,211,0.0877743714644984,0.0877743714644984,0.0
AS,212,-5.0531335614750414,-5.0531335614750414,0.0
AS,213,-3.035924820619176,-3.035924820619176,0.0
AS,214,-13.020163138679267,-13.020163138679267,0.0
AS,215,-1.0359036060650373,-1.0359036060650373,0.0
AS,216,-0.0527550574810722,-0.0527550574810722,0.0
AS,217,-3.0359036060650335,-3.0359036060650335,0.0
AS,218,0.1477864637686826,0.1477864637686826,0.0
AS,219,-3.0359036060650277,-3.053113150989351,0.01720954492432325
AS,220,0.1009240369087651,0.1009240369087651,0.0
AS,221,0.1211871765171949,0.1211871765171949,0.0
AS,222,-11.028204307915992,-11.028204307915992,0.0
AS,223,-5.012012194607607,-5.012012194607607,0.0
AS,224,0.1792428946560132,0.1792428946560132,0.0
AS,225,-0.0242296122396618,-0.0437260512447657,0.019496439005103904
AS,226,-9.033564857423524,-9.033564857423524,0.0
AS,227,0.1554974617036775,0.1554974617036775,0.0
AS,228,-15.010542505641796,-15.010542505641796,0.0
AS,229,0.1837467851597763,0.1837467851597763,0.0
AS,230,-19.01841039650109,-19.025345583246633,0.006935186745543831
AS,231,0.0040882725828063,0.0037207177812775,0.00036755480152880033
AS,232,0.1425033506108223,0.142315713888019,0.00018763672280330823
AS,233,-5.0032485090746475,-5.010568573020292,0.007320063945644328
AS,234,-11.003248509074654,-11.025345583246638,0.022097074171984588
AS,235,-7.041736985892171,-7.041736985892171,0.0
AS,236,-5.03359026928026,-5.057456732662099,0.02386646338183951
AS,237,-15.04173698589217,-15.04173698589217,0.0
AS,238,0.1457452086086276,0.1457452086086276,0.0
AS,239,0.1054718150641826,0.1054718150641826,0.0
AS,240,-0.2146865124997831,-0.2342547913913717,0.019568278891588603
AS,241,0.1457452086086276,0.1457452086086276,0.0
AS,242,-1.0335902692802617,-1.0253455832466327,-0.008244686033628934
AS,243,0.1654718150641826,0.1654718150641826,0.0
AS,244,0.0040882725828068,-0.1962792822187221,0.2003675548015289
AS,245,-0.9953924850111494,-0.9953924850111494,0.0
AS,246,-18.995392485011152,-19.010598906660864,0.015206421649711643
AS,247,0.1836823060184571,0.1836823060184571,0.0
AS,248,-1.0184414029581992,-1.0253771844355293,0.006935781477330094
AS,249,-3.0105989066608636,-3.0105989066608636,0.0
AS,250,-5.003274783749409,-5.025371228407474,0.022096444658065373
AS,251,-5.041762163592182,-5.041762163592182,0.0
AS,252,-3.0253712284074776,-3.0253712284074776,0.0
AS,253,0.1654461699033399,0.1654461699033399,0.0
AS,254,0.1654461699033399,0.1654461699033399,0.0
AS,255,-1.0106046082771882,-1.0106046082771882,0.0
AS,256,0.0224673153539264,0.0222796786311237,0.00018763672280270108
AS,257,0.1601120847182054,0.0318674551445304,0.128244629573675
AS,258,-4.989494395764088,-4.995399491452758,0.005905095688670592
AS,259,0.202279678631124,0.202279678631124,0.0
AS,260,-2.9894066272427695,-3.010568573020289,0.02116194577751962
AS,261,0.1240882725828066,-0.0145281849358176,0.1386164575186242
AS,262,0.1654718150641826,0.1654718150641826,0.0
AS,263,-5.010568573020292,-5.010568573020292,0.0
AS,264,0.022503350610822,0.0223157138880188,0.00018763672280320068
AS,265,0.2023422144718637,0.2023422144718637,0.0
AS,266,-0.9894066272427732,-0.9894066272427732,0.0
AS,267,-4.989231090200139,-4.989231090200139,0.0
AS,268,-8.98931741989324,-8.989406627242776,8.920734953576925e-05
AS,269,-0.9892310902001408,-0.9892310902001408,0.0
AS,270,0.1636516021352209,0.1518674551445302,0.011784146990690691
AS,271,-10.995363456195868,-10.995363456195868,0.0
AS,272,-3.010568573020289,-3.010568573020289,0.0
AS,273,-5.025345583246631,-5.025345583246631,0.0
AS,274,-3.0105685730202953,-3.0105685730202953,0.0
AS,275,0.1667929477931445,0.1667929477931445,0.0
AS,276,0.1667929477931445,0.1667929477931445,0.0
AS,277,-5.009051212909658,-5.009051212909658,0.0
AS,278,0.1851185472920406,0.1851185472920406,0.0
AS,279,0.0242206910369738,-0.176771217353669,0.2009919083906428
AS,280,-7.014775057692535,-7.021782381418014,0.007007323725478187
AS,281,0.1690948020912602,0.1690948020912602,0.0
AS,282,0.1690948020912602,0.1690948020912602,0.0
AS,283,-7.007799299260668,-7.007799299260668,0.0
AS,284,-3.0217823814180096,-3.0217823814180096,0.0
AS,285,0.1690396095100416,0.1690396095100416,0.0
AS,286,0.1690396095100416,0.1690396095100416,0.0
AS,287,-7.007854955557863,-7.007854955557863,0.0
AS,288,0.1863950241932099,0.1863950241932099,0.0
AS,289,0.1863950241932099,0.1863950241932099,0.0
AS,290,0.1864506804904053,0.1864506804904053,0.0
AS,291,0.1443443179203165,0.1443443179203165,0.0
AS,292,0.2043443179203165,0.2043443179203165,0.0
AS,293,0.1453533894930324,0.006450680490405,0.13890270900262738
AS,294,-1.0077992992606732,-1.0217823814180191,0.013983082157345894
AS,295,-1.0078527888462296,-1.0078527888462296,0.0
AS,296,-4.993396647111649,-5.021835312151839,0.028438665040189548
AS,297,0.1690392946868045,0.1690392946868045,0.0
AS,298,-7.00785278884623,-7.00785278884623,0.0
AS,299,0.1863945687044929,0.1863945687044929,0.0
AS,300,-0.1922865225416229,-0.2109607053131947,0.01867418277157179
AS,301,0.0063945687044927,0.0063945687044927,0.0
AS,302,-8.993396647111652,-8.993396647111652,0.0
AS,303,0.2042875818871203,0.2042875818871203,0.0
AS,304,-3.0005790594161676,-3.007852788846226,0.007273729430058218
AS,305,0.1277134774583763,0.1090392946868044,0.0186741827715719
AS,306,0.1690392946868045,0.1690392946868045,0.0
AS,307,0.1690392946868045,0.1690392946868045,0.0
AS,308,0.1690392946868045,0.1690392946868045,0.0
AS,309,0.1690392946868045,0.1690392946868045,0.0
AS,310,-3.007849851337991,-3.007849851337991,0.0
AS,311,0.1864030377429048,0.1864030377429048,0.0
AS,312,0.1864030377429048,0.1864030377429048,0.0
AS,313,-2.993391006864865,-2.993391006864865,0.0
AS,314,-0.989408278431796,-0.989408278431796,0.0
AS,315,0.2118221946248026,0.2118221946248026,0.0
AS,316,-0.9894088902687652,-0.9934216809368376,0.0040127906680723635
AS,317,-4.989408890268758,-4.989408890268758,0.0
AS,318,0.2118221946248026,0.2118221946248026,0.0
AS,319,0.2118221946248026,0.2118221946248026,0.0
AS,320,0.2118193353311195,0.2118193353311195,0.0
AS,321,0.2118193353311195,0.2118193353311195,0.0
AS,322,-4.98929969493264,-4.9934196124768935,0.0041199175442532265
AS,323,0.2042566111671753,0.2042566111671753,0.0
AS,324,0.1598350476499014,0.0318193353311197,0.1280157123187817
AS,325,0.2118307729690326,0.2118307729690326,0.0
AS,326,-0.9891924727989414,-0.9891924727989414,0.0
AS,327,-2.9889967331731437,-2.9889967331731437,0.0
AS,328,0.2200653365371635,0.2200653365371635,0.0
AS,329,-1.2438494559788331,-1.2438494559788331,0.0
AS,330,-0.9892996949326476,-0.9894090332334492,0.00010933830080162021
AS,331,0.1598350476499014,0.1442566111671753,0.015578436482726082
AS,332,0.2042566111671753,0.2042566111671753,0.0
AS,333,0.1598350476499014,0.1518193353311195,0.008015712318781898
AS,334,0.2118193353311195,0.2118193353311195,0.0
AS,335,0.142164320194997,0.1222046580060691,0.019959662188927904
AS,336,-3.0046865624743933,-3.0281142251762496,0.023427662701856367
AS,337,0.1635565371472459,0.1635565371472459,0.0
AS,338,-1.0355791545854507,-1.0434758430207407,0.007896688435290011
AS,339,-19.028114225176253,-19.028114225176253,0.0
AS,340,0.1418638394099154,0.1418638394099154,0.0
AS,341,-9.02321885029169,-9.02321885029169,0.0
AS,342,-5.007252379590038,-5.007252379590038,0.0
AS,343,-2.9914189692950295,-2.9914189692950295,0.0
AS,344,0.2104330520427684,0.2104330520427684,0.0
AS,345,-8.991440289838202,-9.007273190137033,0.015832900298830666
AS,346,-10.991440289838197,-10.991440289838197,0.0
AS,347,0.2104215131297017,0.2104215131297017,0.0
AS,348,-6.989177616526116,-6.989177616526116,0.0
AS,349,-8.991440289838202,-8.991440289838202,0.0
AS,350,-0.989178128758956,-0.989178128758956,0.0
AS,351,0.204371633282778,0.204371633282778,0.0
AS,352,-6.999393820668705,-6.999393820668705,0.0
AS,353,0.2007068539822025,0.2007068539822025,0.0
AS,354,-3.015069466954769,-3.015069466954769,0.0
AS,355,0.1812676754540967,0.1812676754540967,0.0
AS,356,0.1812676754540967,0.1812676754540967,0.0
AS,357,-2.9993938206687067,-2.9993938206687067,0.0
AS,358,0.2007068539822025,0.2007068539822025,0.0
AS,359,-12.989281418335858,-12.989281418335858,0.0
AS,360,0.214371633282778,0.214371633282778,0.0
AS,361,0.214371633282778,0.214371633282778,0.0
AS,362,-2.9890722242560552,-2.9890722242560552,0.0
AS,363,-0.9889682809476544,0.154371633282778,-1.1433399142304324
AS,364,0.214371633282778,0.214371633282778,0.0
AS,365,0.214371633282778,0.214371633282778,0.0
AS,366,-2.9993959941966035,-2.9993959941966035,0.0
AS,367,0.2007046804542998,0.2007046804542998,0.0
AS,368,-0.9892814183358608,-0.9892814183358608,0.0
AS,369,-22.99939599419661,-22.99939599419661,0.0
AS,370,0.2007220627163466,0.2007220627163466,0.0
AS,371,-2.9892808577405874,-2.9892808577405874,0.0
AS,372,-0.989071652719665,-0.989071652719665,0.0
AS,373,-0.1656171548117147,-0.1656171548117147,0.0
AS,374,0.0207220627163463,0.0207220627163463,0.0
AS,375,0.2006934214830737,0.2006934214830737,0.0
AS,376,-2.9892809047525675,-2.9892809047525675,0.0
AS,377,-4.989177616526114,-4.989071713407856,-0.00010590311825797727
AS,378,-10.989071713407862,-10.989280904752569,0.00020919134470709366
AS,379,0.2143819049486827,0.2143819049486827,0.0
AS,380,-4.989072224256052,-4.989072224256052,0.0
AS,381,0.2185555148789289,0.2185555148789289,0.0
AS,382,0.2185555148789289,0.2185555148789289,0.0
AS,383,-10.98886368390774,-10.98886368390774,0.0
AS,384,-2.988968280947645,-2.9890722242560495,0.00010394330840446386
AS,385,-2.9892809047525617,-2.9892809047525617,0.0
AS,386,0.2143819049486827,0.2143819049486827,0.0
AS,387,0.2143819049486827,0.2143819049486827,0.0
AS,388,0.2143819049486827,0.2143819049486827,0.0
AS,389,-4.989071713407856,-4.989071713407856,0.0
AS,390,0.1543828451882845,0.1543828451882845,0.0
AS,391,-10.99938907745102,-10.99938907745102,0.0
AS,392,0.0209397280926706,0.0012813711300138,0.019658356962656803
AS,393,-4.999389077451016,-4.999389077451016,0.0
AS,394,-10.989280857740589,-11.015066039957857,0.025785182217267888
AS,395,-1.031748510392687,-1.031748510392687,0.0
AS,396,0.1612456000791363,0.1612456000791363,0.0
AS,397,-0.1793152731887027,-0.1793152731887027,0.0
AS,398,0.2006847268112973,0.2006847268112973,0.0
AS,399,-1.0151013960639037,-1.0151013960639037,0.0
AS,400,-0.0363163161045119,-0.0363163161045119,0.0
AS,401,0.1436836838954883,0.1436836838954883,0.0
AS,402,0.1436836838954883,0.1436836838954883,0.0
AS,403,-9.030408119440226,-9.030408119440226,0.0
AS,404,-3.0130294482291755,-3.0130294482291755,0.0
AS,405,0.130144128613457,0.130144128613457,0.0
AS,406,-6.992862199603359,-6.992862199603359,0.0
AS,407,0.2099497065840062,0.2099497065840062,0.0
AS,408,0.2099497065840062,0.2099497065840062,0.0
AS,409,-1.0092923187926446,-1.0092923187926446,0.0
AS,410,-10.99291269836284,-10.99291269836284,0.0
AS,411,-0.1898995257321411,-0.1898995257321411,0.0
AS,412,0.1901004742678582,0.1901004742678582,0.0
AS,413,0.0300905781588974,-0.4500928730319217,0.48018345119081907
AS,414,-6.989131990993219,-6.989131990993219,0.0
AS,415,0.2173618793518578,0.2173618793518578,0.0
AS,416,-4.9889444914427,-4.9889444914427,0.0
AS,417,-2.988710873950675,-2.988710873950675,0.0
AS,418,-8.988468796772306,-8.988468796772306,0.0
AS,419,-4.988710873950672,-4.988710873950672,0.0
AS,420,0.178086158651656,0.0506240645539143,0.1274620940977417
AS,421,-12.988710873950678,-12.988710873950678,0.0
AS,422,0.2257825209865295,0.2257825209865295,0.0
AS,423,-2.988468796772306,-2.988468796772306,0.0
AS,424,-0.1542174790134697,-0.1542174790134697,0.0
AS,425,-8.988468796772306,-8.988468796772306,0.0
AS,426,-0.424378213053947,-0.424378213053947,0.0
AS,427,0.2356217869460532,0.2356217869460532,0.0
AS,428,-6.988468796772304,-6.988468796772304,0.0
AS,429,0.2306240645539142,0.2306240645539142,0.0
AS,430,-0.9884687967723096,-0.9887108739506788,0.0002420771783692155
AS,431,0.2257825209865295,0.2257825209865295,0.0
AS,432,0.1706240645539141,0.1706240645539141,0.0
AS,433,0.2306240645539142,0.2306240645539142,0.0
AS,434,0.2306240645539142,0.2306240645539142,0.0
AS,435,-26.988351011908627,-26.988710873950662,0.0003598620420355303
AS,436,-0.429375935446086,-0.429375935446086,0.0
AS,437,0.178086158651656,0.1657825209865295,0.012303637665126488
AS,438,0.0506240645539143,0.0506240645539143,0.0
AS,439,-0.1542174790134697,-0.1542174790134697,0.0
AS,440,-12.988710873950678,-12.988944491442709,0.00023361749203054671
AS,441,-6.989042753953276,-6.989131906032407,8.915207913062773e-05
AS,442,0.2173618793518578,0.2173618793518578,0.0
AS,443,0.2173618793518578,0.2173618793518578,0.0
AS,444,-0.9889444914427016,-0.9889444914427016,0.0
AS,445,-0.9887108739506733,-0.9887108739506733,0.0
AS,446,0.2257825209865295,0.2257825209865295,0.0
AS,447,0.2257825209865295,0.2257825209865295,0.0
AS,448,-22.98859569206742,-22.988944491442705,0.0003487993752848695
AS,449,-4.988710873950672,-4.988710873950672,0.0
AS,450,0.2257724444907202,0.2257724444907202,0.0
AS,451,0.2257724444907202,0.2257724444907202,0.0
AS,452,-4.988833068693546,-4.988944998308039,0.0001119296144933557
AS,453,0.2211000338391857,0.2211000338391857,0.0
AS,454,0.2211000338391857,0.2211000338391857,0.0
AS,455,0.221094278723515,0.221094278723515,0.0
AS,456,0.221094278723515,0.221094278723515,0.0
AS,457,0.221094278723515,0.221094278723515,0.0
AS,458,-0.9887116716122648,-0.9887116716122648,0.0
AS,459,0.2257665677546983,0.2257665677546983,0.0
AS,460,-0.988468796772304,-0.988468796772304,0.0
AS,461,-2.98871087395067,-2.98871087395067,0.0
AS,462,-10.988944491442703,-10.988944491442703,0.0
AS,463,-6.988832563284961,-4.988710873950672,-2.0001216893342892
AS,464,-2.988468796772306,-2.988468796772306,0.0
AS,465,0.0580802217681591,-0.1542233559352909,0.21230357770345
AS,466,-2.9884690969194487,-2.98894477920793,0.00047568228848104965
AS,467,-2.988711167796766,-2.988711167796766,0.0
AS,468,-6.988711167796764,-6.988944779207934,0.00023361141116939876
AS,469,0.2211044158413264,0.2211044158413264,0.0
AS,470,-8.988816746380136,-8.988816746380136,0.0
AS,471,-14.988931402738643,-14.98903754176767,0.00010613902902711914
AS,472,0.0513719452270192,-0.1563349276026993,0.2077068728297185
AS,473,-0.9885956234030004,-0.9885956234030004,0.0
AS,474,0.2280875319399856,0.2280875319399856,0.0
AS,475,-0.9884927910934056,-0.9884927910934056,0.0
AS,476,0.2301441781318841,0.2301441781318841,0.0
AS,477,0.1777829809125564,0.1655273120605732,0.012255668851983204
AS,478,-0.9888271841074332,-0.9889234787426348,9.629463520155479e-05
AS,479,0.1734563178514424,0.0455273120605734,0.127929005790869
AS,480,-4.988492791093404,-4.988492791093404,0.0
AS,481,-2.988492791093402,-2.988723634396967,0.00023084330356537563
AS,482,0.2255273120605732,0.2255273120605732,0.0
AS,483,0.2255273120605732,0.2255273120605732,0.0
AS,484,0.2255273120605732,0.2255273120605732,0.0
AS,485,0.2255260207110349,0.2255260207110349,0.0
AS,486,-0.1498568695996306,-0.1498568695996306,0.0
AS,487,-0.1449099663610579,-0.1449099663610579,0.0
AS,488,-2.9880034298529137,-2.9880034298529137,0.0
AS,489,0.187543697645274,0.1750900336389419,0.012453664006332105
AS,490,0.2350908203511456,0.2350908203511456,0.0
AS,491,-4.988371433470959,-4.988492791093404,0.00012135762244547266
AS,492,-4.98872363439697,-4.98872363439697,0.0
AS,493,-0.9884927910934056,-0.9884927910934056,0.0
AS,494,-2.9886108509543683,-2.988723634396967,0.00011278344259890716
AS,495,0.2255273120605732,0.2255273120605732,0.0
AS,496,-20.988723634396973,-20.98892347874263,0.0001998443456585619
AS,497,0.2215304251474099,0.2215304251474099,0.0
AS,498,-2.988723634396973,-2.988723634396973,0.0
AS,499,0.2255273120605732,0.2255273120605732,0.0
AS,500,-4.988492791093404,-4.988492791093404,0.0
AS,501,0.2301441781318841,0.2301441781318841,0.0
AS,502,-2.988723634396967,-2.988723634396967,0.0
AS,503,-2.988723634396967,-2.9889234787426253,0.00019984434565811782
AS,504,-2.990094754202204,-2.990094754202204,0.0
AS,505,-0.9889234787426292,-0.9889234787426292,0.0
AS,506,-4.98903098576686,-4.990082062813337,0.0010510770464771113
AS,507,-2.99852419126658,-3.0068696417770693,0.008345450510489183
AS,508,-8.99008206281334,-8.99008206281334,0.0
AS,509,0.2164244205857303,0.2164244205857303,0.0
AS,510,0.2164180750148327,0.2164180750148327,0.0
AS,511,-3.0068763101218794,-3.0068763101218794,0.0
AS,512,0.1964180750148327,0.1964180750148327,0.0
AS,513,-0.9889234787426292,-0.9889234787426292,0.0
AS,514,0.2215304251474099,0.2215304251474099,0.0
AS,515,0.2215304251474099,0.2215304251474099,0.0
AS,516,-0.9887236343969712,-0.9887236343969712,0.0
AS,517,-10.988923478742633,-10.988923478742633,0.0
AS,518,-4.990082062813337,-4.990082062813337,0.0
AS,519,0.2164244205857303,0.2164244205857303,0.0
AS,520,-8.988923478742631,-8.988923478742631,0.0
AS,521,-12.989030985766869,-12.990088408384242,0.0010574226173734047
AS,522,-2.988923478742631,-2.988923478742631,0.0
AS,523,-4.98872363439697,-4.98872363439697,0.0
AS,524,-6.988827184107428,-6.988923478742629,9.629463520166581e-05
AS,525,-6.990088408384236,-6.990088408384236,0.0
AS,526,-2.988923478742631,-2.988923478742631,0.0
AS,527,0.2215304251474099,0.2215304251474099,0.0
AS,528,-0.9900884083842412,-0.9900884083842412,0.0
AS,529,-6.988923478742629,-6.988923478742629,0.0
AS,530,-4.98903098576686,-4.9900778325699955,0.0010468468031357148
AS,531,-8.988923478742631,-8.988923478742631,0.0
AS,532,0.1693802846627708,0.0364286508290712,0.1329516338336996
AS,533,-14.98892347874263,-14.98892347874263,0.0
AS,534,-16.98872363439697,-16.98872363439697,0.0
AS,535,-2.9884927910934076,-2.9884927910934076,0.0
AS,536,-0.9882454589824424,-0.9882454589824424,0.0
AS,537,-0.1374286694191975,-0.1498558218681152,0.012427152448917678
AS,538,0.2301441781318841,0.2301441781318841,0.0
AS,539,0.1777829809125564,0.045527312060573,0.1322556688519834
AS,540,-6.988626635727069,-6.988626635727069,0.0
AS,541,0.1797401209910651,0.1721218348723741,0.007618286118691003
AS,542,-2.988626635727065,-2.988626635727065,0.0
AS,543,-6.9885129939504465,-6.988854259525154,0.00034126557470770535
AS,544,-6.988626635727069,-6.988626635727069,0.0
AS,545,0.1767515386560997,0.1689857516229659,0.0077657870331337975
AS,546,0.228985751622966,0.228985751622966,0.0
AS,547,-8.988323075626003,-8.988323075626003,0.0
AS,548,-16.98855071241885,-16.98855071241885,0.0
AS,549,0.228985751622966,0.228985751622966,0.0
AS,550,-6.988662423067195,-6.988767810471292,0.0001053874040968239
AS,551,-4.988662423067193,-4.988991934350671,0.0003295112834775793
AS,552,-2.9887678104712943,-2.9887678104712943,0.0
AS,553,0.1725500941460809,0.1601613129865385,0.012388781159542422
AS,554,0.1646437905741505,0.1646437905741505,0.0
AS,555,-4.98855071241885,-4.98855071241885,0.0
AS,556,-6.988323075626001,-6.988323075626001,0.0
AS,557,0.1787235477615714,0.1787235477615714,0.0
AS,558,0.2387235477615715,0.2387235477615715,0.0
AS,559,-6.98779543602282,-6.98779543602282,0.0
AS,560,-4.987926649336048,-4.988063654886529,0.00013700555048146157
AS,561,0.238726902269374,0.238726902269374,0.0
AS,562,0.1859165320030913,0.1735417691280825,0.012374762875008799
AS,563,0.2335417691280826,0.2335417691280826,0.0
AS,564,0.2335417691280826,0.2335417691280826,0.0
AS,565,-6.988204173399845,-6.988550551535165,0.00034637813531990247
AS,566,0.2289889692967048,0.2289889692967048,0.0
AS,567,0.2289889692967048,0.2289889692967048,0.0
AS,568,0.2289889692967048,0.2289889692967048,0.0
AS,569,0.2289889692967048,0.2289889692967048,0.0
AS,570,-2.988323075626003,-2.988323075626003,0.0
AS,571,-4.988323075625999,-4.98855071241885,0.00022763679285109362
AS,572,-12.988550712418856,-12.988767810471298,0.00021709805244185532
AS,573,-16.98855071241885,-16.98855071241885,0.0
AS,574,0.0535384874799765,0.0535384874799765,0.0
AS,575,0.2335384874799763,0.2335384874799763,0.0
AS,576,0.2335384874799763,0.2335384874799763,0.0
AS,577,-8.988063822611924,-8.988550712418853,0.00048688980692901396
AS,578,-2.988662423067191,-2.9887678104712885,0.00010538740409726799
AS,579,-0.9885507124188516,-0.9885507124188516,0.0
AS,580,0.228985751622966,0.228985751622966,0.0
AS,581,0.228985751622966,0.228985751622966,0.0
AS,582,0.228985751622966,0.228985751622966,0.0
AS,583,0.1767515386560997,0.0446437905741503,0.1321077480819494
AS,584,-16.98899193435067,-16.98899193435067,0.0
AS,585,-4.98876781047129,-4.98876781047129,0.0
AS,586,0.2246437905741506,0.2246437905741506,0.0
AS,587,0.2246437905741506,0.2246437905741506,0.0
AS,588,0.2246437905741506,0.2246437905741506,0.0
AS,589,0.2246437905741506,0.2246437905741506,0.0
AS,590,0.2246033642023018,0.2246033642023018,0.0
AS,591,0.0567112603813888,0.0489456303312209,0.0077656300501679
AS,592,0.2289456303312207,0.2289456303312207,0.0
AS,593,0.2289456303312207,0.2289456303312207,0.0
AS,594,0.2289456303312207,0.2289456303312207,0.0
AS,595,0.228985751622966,0.228985751622966,0.0
AS,596,-0.988323075626001,-0.988323075626001,0.0
AS,597,-2.9885507124188475,-2.9885507124188475,0.0
AS,598,0.228985751622966,0.228985751622966,0.0
AS,599,0.228985751622966,0.228985751622966,0.0
AS,600,0.1735384874799763,0.1735384874799763,0.0
AS,601,0.2335384874799763,0.2335384874799763,0.0
AS,602,-6.988550712418852,-6.988550712418852,0.0
AS,603,-4.988323075625999,-4.98876781047129,0.0004447348452911726
AS,604,-2.988872495292692,-2.9889919343506692,0.0001194390579772886
AS,605,0.2150558949925045,0.2150558949925045,0.0
AS,606,-2.98894254892122,-3.0093102226767865,0.020367673755566695
AS,607,-10.992932726948991,-10.992932726948991,0.0
AS,608,0.2150558949925045,0.2150558949925045,0.0
AS,609,0.2150558949925045,0.2150558949925045,0.0
AS,610,-0.9889001957555228,-0.9889001957555228,0.0
AS,611,-8.988692788117952,-8.988692788117952,0.0
AS,612,-12.988472174750642,-12.988472174750642,0.0
AS,613,0.2305565049871049,0.2305565049871049,0.0
AS,614,0.2305565049871049,0.2305565049871049,0.0
AS,615,0.2305565049871049,0.2305565049871049,0.0
AS,616,-8.988692788117952,-8.988692788117952,0.0
AS,617,-0.9884721747506444,-0.9884721747506444,0.0
AS,618,-2.988256222229129,-2.988256222229129,0.0
AS,619,0.2348755554174564,0.2348755554174564,0.0
AS,620,0.2348636681426241,0.2348636681426241,0.0
AS,621,0.2274271731531111,0.2274271731531111,0.0
AS,622,0.2374271731531111,0.2374271731531111,0.0
AS,623,-4.987883166317096,-4.987883166317096,0.0
AS,624,-0.9881286413423498,-0.9881286413423498,0.0
AS,625,0.0698974597995802,0.0623366736580437,0.007560786141536505
AS,626,-2.987600403946246,-2.987600403946246,0.0
AS,627,0.2479919210751184,0.2479919210751184,0.0
AS,628,-0.9873207488541909,-0.9873207488541909,0.0
AS,629,-2.9874605764002133,-2.98760040394624,0.0001398275460267051
AS,630,-0.9874615432424928,-0.9878841791230358,0.0004226358805430319
AS,631,-0.9880061530812072,-0.9881296808477632,0.0001235277665559975
AS,632,-2.987884179123032,-2.987884179123032,0.0
AS,633,0.242316417539389,0.242316417539389,0.0
AS,634,-2.9878841791230264,-2.988129680847754,0.0002455017247275926
AS,635,-4.987883166317096,-4.987883166317096,0.0
AS,636,-4.987883166317096,-4.9881286413423425,0.00024547502524630005
AS,637,-2.9878831663170997,-2.9878831663170997,0.0
AS,638,0.2423366736580439,0.2423366736580439,0.0
AS,639,-12.987600403946242,-12.987600403946242,0.0
AS,640,-0.7664149770838192,-0.7664149770838192,0.0
AS,641,-0.1204334653926823,-0.1204334653926823,0.0
AS,642,-0.987172376291468,-0.9873207488541964,0.00014837256272837163
AS,643,-0.9876004039462494,-0.9876004039462494,0.0
AS,644,-2.987733240114965,-2.987883166317094,0.0001499262021287251
AS,645,-4.987601379696092,-4.987601379696092,0.0
AS,646,-6.987601379696094,-6.987884155246885,0.0002827755507910368
AS,647,0.0574071657189022,0.0574071657189022,0.0
AS,648,0.1823168950623038,0.1823168950623038,0.0
AS,649,-6.988129641714055,-6.988129641714055,0.0
AS,650,-0.9878831663170976,-0.9878831663170976,0.0
AS,651,-4.9881286413423425,-4.9881286413423425,0.0
AS,652,-0.4176633263419562,-0.4176633263419562,0.0
AS,653,0.2423366736580439,0.2423366736580439,0.0
AS,654,0.2423366736580439,0.2423366736580439,0.0
AS,655,-2.988128048969949,-2.988128048969949,0.0
AS,656,-4.988256222229126,-4.9883665289127785,0.00011030668365297203
AS,657,-2.988472174750641,-2.988578597396137,0.00010642264549609592
AS,658,-4.988798433955814,-4.988798433955814,0.0
AS,659,0.2240313208836963,0.2240313208836963,0.0
AS,660,-0.98857919676843,-0.98857919676843,0.0
AS,661,-0.9883671249902896,-0.9883671249902896,0.0
AS,662,0.2326575001942049,0.2326575001942049,0.0
AS,663,-0.9881286413423442,-0.9881286413423442,0.0
AS,664,-10.987883166317092,-10.987883166317092,0.0
AS,665,0.242348444831122,0.242348444831122,0.0
AS,666,0.242348444831122,0.242348444831122,0.0
AS,667,-2.988128048969949,-2.988128048969949,0.0
AS,668,-6.987882577758444,-6.987882577758444,0.0
AS,669,-4.987599819780628,-4.987599819780628,0.0
AS,670,0.1951403618215844,0.1824038261592846,0.012736535662299792
AS,671,-2.987879808692032,-2.9881264296111416,0.00024662091910965245
AS,672,0.2374714077770846,0.2374714077770846,0.0
AS,673,-12.988002911208149,-12.987879808692034,-0.00012310251611502565
AS,674,-14.987611145768351,-14.987611145768351,0.0
AS,675,0.2475160672407311,0.2475160672407311,0.0
AS,676,-6.987876617912959,-6.987876617912959,0.0
AS,677,-2.98812456363343,-2.98812456363343,0.0
AS,678,0.1724065951771424,0.1724065951771424,0.0
AS,679,-10.98812456363343,-10.98812456363343,0.0
AS,680,0.1847875901824235,-0.1475934048228581,0.3323809950052816
AS,681,0.2324065951771424,0.2324065951771424,0.0
AS,682,-0.9916768175095446,-0.9916768175095446,0.0
AS,683,-0.9883796702411428,-0.9883796702411428,0.0
AS,684,-8.991676817509541,-8.991676817509541,0.0
AS,685,0.2245909597690596,0.2245909597690596,0.0
AS,686,-20.98837925416689,-20.98837925416689,0.0
AS,687,-2.9881241384249084,-2.9881241384249084,0.0
AS,688,0.2375172315018708,0.2375172315018708,0.0
AS,689,0.2375172315018708,0.2375172315018708,0.0
AS,690,-12.987876617912958,-12.987876617912958,0.0
AS,691,-0.987754882829988,-0.9881245636334396,0.0003696808034515664
AS,692,0.2375087273313163,0.2375087273313163,0.0
AS,693,-10.987876617912956,-10.987876617912956,0.0
AS,694,0.1949023434003472,0.0675160672407313,0.1273862761596159
AS,695,-8.987393258024671,-8.987393258024671,0.0
AS,696,-0.4124839327592682,-0.4124839327592682,0.0
AS,697,0.2475160672407311,0.2475160672407311,0.0
AS,698,0.2475160672407311,0.2475160672407311,0.0
AS,699,0.2475160672407311,0.2475160672407311,0.0
AS,700,0.1921482277121374,0.1921482277121374,0.0
AS,701,-10.987135696383811,-10.987135696383811,0.0
AS,702,0.2046902971715,0.0721482277121371,0.13254206945936292
AS,703,0.2521482277121374,0.2521482277121374,0.0
AS,704,-8.98762352309345,-8.98762352309345,0.0
AS,705,0.0721482277121371,0.0721482277121371,0.0
AS,706,-0.9871356963838164,-0.9871356963838164,0.0
AS,707,-10.98713569638382,-10.987392588614396,0.00025689223057590027
AS,708,0.2521482277121374,0.2521482277121374,0.0
AS,709,0.077286072323666,0.077286072323666,0.0
AS,710,0.257291200429684,0.257291200429684,0.0
AS,711,-8.986855250201415,-8.987392355205445,0.0005371050040299252
AS,712,0.2521528958911467,0.2521528958911467,0.0
AS,713,-2.9871354399785175,-2.9871354399785175,0.0
AS,714,-2.9868552502014163,-2.9868552502014163,0.0
AS,715,-2.9869922483395652,-2.987136361195148,0.00014411285558280085
AS,716,-0.9873932580246746,-0.9873932580246746,0.0
AS,717,-0.9871363611951518,-0.9871363611951518,0.0
AS,718,-0.7678651604933847,-0.7678651604933847,0.0
AS,719,0.2521348395066148,0.2521348395066148,0.0
AS,720,-6.987623523093448,-6.987623523093448,0.0
AS,721,0.2475295381310419,0.2475295381310419,0.0
AS,722,0.2001074113856068,0.1921482277121374,0.0079591836734694
AS,723,-10.987135696383811,-10.987135696383811,0.0
AS,724,-10.98713569638382,-10.987392588614396,0.00025689223057590027
AS,725,0.2521482277121374,0.2521482277121374,0.0
AS,726,-4.987623523093446,-4.987623523093446,0.0
AS,727,-2.98787593984962,-2.98787593984962,0.0
AS,728,0.0749158610812747,-0.4124704618689583,0.487386322950233
AS,729,-8.987754206945938,-8.987875939849626,0.00012173290368799883
AS,730,0.2412984387726064,0.2412984387726064,0.0
AS,731,0.0564018173432645,0.0564018173432645,0.0
AS,732,-0.9879350780613696,-0.9879350780613696,0.0
AS,733,0.1937516559215754,0.0665777620771882,0.1271738938443872
AS,734,-4.987421374390374,-4.987421374390374,0.0
AS,735,-6.987725259455469,-6.987725259455469,0.0
AS,736,0.2454948108906162,0.2454948108906162,0.0
AS,737,0.2454948108906162,0.2454948108906162,0.0
AS,738,-8.987452776933434,-8.987452776933434,0.0
AS,739,0.2509444613313648,0.2509444613313648,0.0
AS,740,-0.1241052585869989,-0.1241052585869989,0.0
AS,741,0.255894741413001,0.255894741413001,0.0
AS,742,-8.986886100134615,-8.986886100134615,0.0
AS,743,-2.9865712796908266,-2.9865712796908266,0.0
AS,744,-6.9867406313778275,-6.986886100134613,0.00014546875678522753
AS,745,-8.987038082417822,-8.987205262929352,0.00016718051153041813
AS,746,-4.986886100134611,-4.986886100134611,0.0
AS,747,-22.987038082417826,-22.98720526292935,0.00016718051152508906
AS,748,-0.9874527769334372,-0.9874527769334372,0.0
AS,749,-2.9872052629293515,-2.9872052629293515,0.0
AS,750,0.2558462707632179,0.2558462707632179,0.0
AS,751,0.2558462707632179,0.2558462707632179,0.0
AS,752,0.2558462707632179,0.2558462707632179,0.0
AS,753,0.2034143958310714,0.0708956682227768,0.13251872760829458
AS,754,0.2508956682227771,0.2508956682227771,0.0
AS,755,0.1958947414130009,0.1958947414130009,0.0
AS,756,-2.987038082417817,-2.9874527769334276,0.000414694515610492
AS,757,-4.987205262929348,-4.987205262929348,0.0
AS,758,0.255894741413001,0.255894741413001,0.0
AS,759,-0.4090555386686345,-0.4090555386686345,0.0
AS,760,-0.9877249929435318,-0.9877249929435318,0.0
AS,761,-10.987452504505285,-10.987452504505285,0.0
AS,762,-14.987603404477058,-14.987724992943525,0.0001215884664667044
AS,763,0.24550014112947,0.24550014112947,0.0
AS,764,-4.987452504505285,-4.987452504505285,0.0
AS,765,-6.987452504505287,-6.987724992943527,0.000272488438239904
AS,766,-0.9874525045052868,-0.9874525045052868,0.0
AS,767,0.2509499098942614,0.2509499098942614,0.0
AS,768,-10.98720498512712,-10.98720498512712,0.0
AS,769,0.2559002974574983,0.2559002974574983,0.0
AS,770,-0.9868858154026584,-0.9874525045052922,0.0005666891026337995
AS,771,0.2509499098942614,0.2509499098942614,0.0
AS,772,-4.987204985127123,-4.987204985127123,0.0
AS,773,0.2559002974574983,0.2559002974574983,0.0
AS,774,0.2559002974574983,0.2559002974574983,0.0
AS,775,-2.9868861001346145,-2.9868861001346145,0.0
AS,776,-0.1107616483564195,-0.1241052585869983,0.013343610230578798
AS,777,-8.987038082417822,-8.987452776933434,0.00041469451561226833
AS,778,0.2509444613313648,0.2509444613313648,0.0
AS,779,0.2509444613313648,0.2509444613313648,0.0
AS,780,-8.987208948131544,-8.987208948131544,0.0
AS,781,-2.986879363493477,-2.986879363493477,0.0
AS,782,0.0758210373691719,0.0758210373691719,0.0
AS,783,0.2558210373691713,0.2558210373691713,0.0
AS,784,-10.987333836950036,-10.987461771837271,0.00012793488723517044
AS,785,0.250520587500347,0.250520587500347,0.0
AS,786,-2.9875905822250566,-2.987728017325148,0.00013743510009156523
AS,787,-6.987473970624983,-6.987473970624983,0.0
AS,788,-10.987214370991472,-10.987214370991472,0.0
AS,789,0.2091276341727516,0.2025704528417136,0.006557181331037998
AS,790,-0.9865962350066636,-0.9865962350066636,0.0
AS,791,0.2153265215459795,0.2025777432252331,0.012748778320746418
AS,792,0.2625777432252332,0.2625777432252332,0.0
AS,793,0.2553265215459795,0.2553265215459795,0.0
AS,794,0.2653265215459796,0.2653265215459796,0.0
AS,795,-0.9870436182913678,-0.9870436182913678,0.0
AS,796,0.2591276341727517,0.2591276341727517,0.0
AS,797,0.2591276341727517,0.2591276341727517,0.0
AS,798,-10.98721437099148,-10.987343476691564,0.0001291057000845086
AS,799,-10.98704361829136,-10.98704361829136,0.0
AS,800,0.2591420241566014,0.2591420241566014,0.0
AS,801,-2.986733305567127,-2.986733305567127,0.0
AS,802,-6.986432042204637,-6.986432042204637,0.0
AS,803,-14.986432042204632,-14.98673330556712,0.0003012633624877026
AS,804,0.2653338886575038,0.2653338886575038,0.0
AS,805,0.1991348289649044,0.1991348289649044,0.0
AS,806,-2.9867336739227026,-2.9867336739227026,0.0
AS,807,-4.98643241892492,-4.98643241892492,0.0
AS,808,-2.986733673922697,-2.986733673922697,0.0
AS,809,0.2653265215459796,0.2653265215459796,0.0
AS,810,0.079128647988227,0.079128647988227,0.0
AS,811,0.2591286479882264,0.2591286479882264,0.0
AS,812,-4.98734345930636,-4.98734345930636,0.0
AS,813,0.2531308138727681,0.2531308138727681,0.0
AS,814,-16.987043567600587,-16.987043567600587,0.0
AS,815,-4.986733673922699,-4.986733673922699,0.0
AS,816,-4.98643241892492,-4.987043258551753,0.0006108396268329486
AS,817,-2.987214015992888,-2.9873431252776506,0.00012910928476239647
AS,818,-10.98704325855175,-10.98704325855175,0.0
AS,819,-4.986733673922699,-4.986733673922699,0.0
AS,820,-4.986434065476354,-4.986434065476354,0.0
AS,821,-8.98627995446089,-8.986735345569658,0.00045539110876724465
AS,822,0.2113186904728847,0.2113186904728847,0.0
AS,823,-0.986091133757254,-0.986091133757254,0.0
AS,824,-2.9857232110626737,-2.9857232110626737,0.0
AS,825,0.2847571189279732,0.2847571189279732,0.0
AS,826,0.2847571189279732,0.2847571189279732,0.0
AS,827,-20.986118688681504,-20.986118688681504,0.0
AS,828,-0.9864592805296376,-0.9864592805296376,0.0
AS,829,-14.986118688681502,-14.986118688681502,0.0
AS,830,0.2768590392620092,0.2768590392620092,0.0
AS,831,0.2768590392620092,0.2768590392620092,0.0
AS,832,0.2768590392620092,0.2768590392620092,0.0
AS,833,-4.9858158023024695,-4.9858158023024695,0.0
AS,834,-0.9854783065211684,-0.9854783065211684,0.0
AS,835,-0.9851657417129142,-0.9851657417129142,0.0
AS,836,-0.9854788510574524,-0.9854788510574524,0.0
AS,837,-2.9851657417129163,-2.9851657417129163,0.0
AS,838,0.2966851657417129,0.2966851657417129,0.0
AS,839,-30.985478851057444,-30.985478851057444,0.0
AS,840,0.2904229788510574,0.2904229788510574,0.0
AS,841,0.2904229788510574,0.2904229788510574,0.0
AS,842,-0.9853288585570776,-0.9858163341832962,0.00048747562621853646
AS,843,0.2836733163341833,0.2836733163341833,0.0
AS,844,-10.986157567121648,-10.986157567121648,0.0
AS,845,0.2768757733698301,0.2768757733698301,0.0
AS,846,0.2768757733698301,0.2768757733698301,0.0
AS,847,-0.9858149911882708,-0.9858149911882708,0.0
AS,848,-2.985814991188267,-2.986156211331505,0.000341220143238008
AS,849,0.2768757733698301,0.2768757733698301,0.0
AS,850,-6.985814991188271,-6.985814991188271,0.0
AS,851,0.2837001762345795,0.2837001762345795,0.0
AS,852,0.2837001762345795,0.2837001762345795,0.0
AS,853,-2.985477520716939,-2.985477520716939,0.0
AS,854,-0.9858149911882764,-0.9858149911882764,0.0
AS,855,-2.986001949902501,-2.98615756712164,0.000155617219138815
AS,856,-6.985816334183291,-6.985816334183291,0.0
AS,857,-0.9854788510574468,-0.9854788510574468,0.0
AS,858,0.2370106494675265,0.103673316334183,0.1333373331333435
AS,859,-2.98615756712164,-2.98615756712164,0.0
AS,860,-6.986418777545297,-6.986418777545297,0.0
AS,861,0.2716244490940658,0.2716244490940658,0.0
AS,862,-8.986103815162714,-8.986103815162714,0.0
AS,863,0.0916244490940663,0.0916244490940663,0.0
AS,864,-6.986103815162712,-6.986103815162712,0.0
AS,865,-0.3734788323566454,-0.3862172079522421,0.012738375595596707
AS,866,-0.1005761542253135,-0.1005761542253135,0.0
AS,867,0.2794238457746864,0.2794238457746864,0.0
AS,868,-10.985853551673143,-10.985667342132643,-0.00018620954049985983
AS,869,-0.9853551673147488,-0.9853551673147488,0.0
AS,870,-0.3601150243742129,-0.3601150243742129,0.0
AS,871,0.2998849756257873,0.2998849756257873,0.0
AS,872,0.2998849756257873,0.2998849756257873,0.0
AS,873,0.133007065782987,-0.3538160705482831,0.4868231363312701
AS,874,0.3061839294517171,0.3061839294517171,0.0
AS,875,0.2530070657829872,0.119884975625787,0.13312209015720022
AS,876,0.2530070657829872,0.2530070657829872,0.0
AS,877,0.1297442077011558,0.1297442077011558,0.0
AS,878,0.1230070657829879,0.1230070657829879,0.0
AS,879,-8.985208413211373,-8.985208413211373,0.0
AS,880,-0.090357671030289,-0.090357671030289,0.0
AS,881,-14.98566577203264,-14.985852001971844,0.00018622993920480724
AS,882,-10.986027277208745,-10.9861724270143,0.00014514980555446755
AS,883,-4.985852001971844,-4.985852001971844,0.0
AS,884,0.2829599605630717,0.2829599605630717,0.0
AS,885,-0.9854741306191686,-0.9854741306191686,0.0
AS,886,0.2905173876166242,0.2905173876166242,0.0
AS,887,-6.985628498727736,-6.9858100084817645,0.00018150975402875247
AS,888,-6.985474130619169,-6.985474130619169,0.0
AS,889,-8.985146734520782,-8.985146734520782,0.0
AS,890,-0.98486672015691,-0.9853971650173896,0.0005304448604795953
AS,891,-34.98504056343051,-34.98504056343051,0.0
AS,892,-8.98471962200232,-8.98471962200232,0.0
AS,893,-4.984371935455111,-4.9850405634305055,0.0006686279753944646
AS,894,0.2526655968619059,0.2456075599536417,0.007058036908264176
AS,895,-0.9843719354551126,-0.9843719354551126,0.0
AS,896,-2.9847196220023138,-2.9847196220023138,0.0
AS,897,0.2525612908977444,0.2525612908977444,0.0
AS,898,-0.9839796737095478,-0.9839796737095478,0.0
AS,899,0.3204065258090399,0.3204065258090399,0.0
AS,900,0.3204065258090399,0.3204065258090399,0.0
AS,901,-10.98418026210217,-10.984371935455115,0.00019167335294589805
AS,902,0.3125612908977445,0.3125612908977445,0.0
AS,903,-18.984719622002316,-18.984719622002316,0.0
AS,904,-8.984371935455114,-8.984371935455114,0.0
AS,905,0.2995720720720721,0.2995720720720721,0.0
AS,906,0.3095720720720721,0.3095720720720721,0.0
AS,907,-0.984189189189189,-0.984189189189189,0.0
AS,908,0.3162162162162162,0.3162162162162162,0.0
AS,909,0.3162162162162162,0.3162162162162162,0.0
AS,910,-2.9840158924205396,0.1416687041564789,-3.1256845965770186
AS,911,0.3216687041564792,0.3216687041564792,0.0
AS,912,-0.9839165647921814,-0.98420690709047,0.000290342298288615
AS,913,-6.983916564792176,-6.983916564792176,0.0
AS,914,0.3216687041564792,0.3216687041564792,0.0
AS,915,0.2719833957679456,0.2719833957679456,0.0
AS,916,-4.982930039485672,-4.982930039485672,0.0
AS,917,-0.0293874658297053,-0.0293874658297053,0.0
AS,918,-0.0195666700415105,-0.0195666700415105,0.0
AS,919,0.3604333299584894,0.3604333299584894,0.0
AS,920,0.3596528365791702,0.3596528365791702,0.0
AS,921,0.3596528365791702,0.3596528365791702,0.0
AS,922,0.3140982218458932,0.3093903471634207,0.004707874682472524
AS,923,-4.981181202370871,-4.981181202370871,0.0
AS,924,-6.980715495342929,-6.980715495342929,0.0
AS,925,0.3440537989617743,0.2065030674846622,0.13755073147711208
AS,926,0.3865030674846625,0.3865030674846625,0.0
AS,927,-24.980132137800847,-24.980132137800847,0.0
AS,928,-12.979542236904198,-12.979542236904198,0.0
AS,929,-25.46213855725812,-25.46213855725812,0.0
HT,0,-18.99058315857396,-18.99058315857396,0.0
HT,1,0.1883368285207291,0.1883368285207291,0.0
HT,2,-2.9907485078238385,-2.9907485078238385,0.0
HT,3,-2.398599774157123,-2.398599774157123,0.0
HT,4,-6.9907485078238425,-6.9910933215034685,0.0003448136796260215
HT,5,-0.991016696241329,-0.990929988707856,-8.67075334730627e-05
HT,6,0.169666075173415,0.169666075173415,0.0
HT,7,0.179666075173415,0.179666075173415,0.0
HT,8,0.011400225842878,0.0030133892563318,0.0083868365865462
HT,9,0.1830133892563316,0.1830133892563316,0.0
HT,10,-0.0031005581513729,-0.0031005581513729,0.0
HT,11,0.1768994418486264,0.1768994418486264,0.0
HT,12,-6.991316837263422,-6.991316837263422,0.0
HT,13,-10.991155027907563,-10.991155027907563,0.0
HT,14,0.1768994418486264,0.1768994418486264,0.0
HT,15,-4.991120489904003,-4.991120489904003,0.0
HT,16,-2.9909665673618027,-2.9909665673618027,0.0
HT,17,-10.990822575306186,-10.990822575306186,0.0
HT,18,-0.9906636875206885,-0.9906636875206885,0.0
HT,19,0.1867262495862297,0.1867262495862297,0.0
HT,20,0.1867677235718541,0.1867677235718541,0.0
HT,21,-12.990504401932878,-12.990504401932878,0.0
HT,22,-2.990310783080687,-2.9906616138214033,0.0003508307407162903
HT,23,0.1867677235718541,0.1867677235718541,0.0
HT,24,-0.9905722512742492,-0.9908204805719256,0.00024822929767642776
HT,25,-2.990899913947173,-2.9909661084265533,6.619447938049916e-05
HT,26,-6.99082048057192,-6.99082048057192,0.0
HT,27,0.183590388561594,0.183590388561594,0.0
HT,28,-8.990661613821409,-8.990661613821409,0.0
HT,29,0.1867677235718541,0.1867677235718541,0.0
HT,30,-2.9910398890148535,-2.9910398890148535,0.0
HT,31,0.0026182946476517,0.0026182946476517,0.0
HT,32,0.182618294647652,0.182618294647652,0.0
HT,33,0.1345127990930245,0.1260045348767825,0.008508264216241984
HT,34,0.1860045348767826,0.1860045348767826,0.0
HT,35,-4.99066423160173,-4.99066423160173,0.0
HT,36,0.1867153679653679,0.1867153679653679,0.0
HT,37,0.1867153679653679,0.1867153679653679,0.0
HT,38,0.1304761904761904,0.1304761904761904,0.0
HT,39,0.1904761904761904,0.1904761904761904,0.0
HT,40,-12.990292207792209,-12.990292207792209,0.0
HT,41,0.1941558441558441,0.1941558441558441,0.0
HT,42,0.1941558441558441,0.1941558441558441,0.0
HT,43,0.1941558441558441,0.1941558441558441,0.0
HT,44,0.1941558441558441,0.1941558441558441,0.0
HT,45,-2.990196158008654,-2.9904761904761865,0.0002800324675327204
HT,46,0.1904761904761904,0.1904761904761904,0.0
HT,47,0.1904761904761904,0.1904761904761904,0.0
HT,48,-2.9902922077922094,-2.9902922077922094,0.0
HT,49,0.1941558441558441,0.1941558441558441,0.0
HT,50,-0.1779274891774898,-0.4695238095238107,0.2915963203463209
HT,51,0.1904761904761904,0.1904761904761904,0.0
HT,52,-10.99058035714286,-10.990664231601736,8.387445887514389e-05
HT,53,-6.9904761904761905,-6.9904761904761905,0.0
HT,54,-0.9902922077922076,-0.9902922077922076,0.0
HT,55,-0.9901255445223084,-0.9901255445223084,0.0
HT,56,-10.990125544522312,-10.990291945128387,0.0001664006060746459
HT,57,-10.99019589274602,-10.990475932790392,0.00028004004437320873
HT,58,0.190481344192213,0.190481344192213,0.0
HT,59,-12.990291945128384,-12.990291945128384,0.0
HT,60,-0.9904247137771548,-0.9906951214974192,0.0002704077202644317
HT,61,0.0178341333928723,-0.4703548791227876,0.48818901251565994
HT,62,-0.1870181967030104,-0.1870181967030104,0.0
HT,63,0.1929818032969895,0.1929818032969895,0.0
HT,64,-2.990166710080752,-2.990166710080752,0.0
HT,65,0.1930555873662994,0.1930555873662994,0.0
HT,66,-0.1753182474061519,-0.46348594855821,0.28816770115205814
HT,67,0.1965140514417901,0.1965140514417901,0.0
HT,68,0.1965140514417901,0.1965140514417901,0.0
HT,69,0.1965140514417901,0.1965140514417901,0.0
HT,70,-0.9899876319827762,-0.9899876319827762,0.0
HT,71,0.2002473603444722,0.2002473603444722,0.0
HT,72,-0.1834859485582091,-0.1834859485582091,0.0
HT,73,0.1965140514417901,0.1965140514417901,0.0
HT,74,-8.989987631982778,-8.989987631982778,0.0
HT,75,0.2002473603444722,0.2002473603444722,0.0
HT,76,-8.990174297427913,-8.990174297427913,0.0
HT,77,-0.9899876319827816,-0.9903472206316905,0.00035958864890883735
HT,78,0.1930555873662994,0.1930555873662994,0.0
HT,79,0.1930555873662994,0.1930555873662994,0.0
HT,80,0.1930555873662994,0.1930555873662994,0.0
HT,81,-14.990541902384276,-14.990541902384276,0.0
HT,82,0.1891619523144224,0.1891619523144224,0.0
HT,83,-0.1823725979707283,-0.1941819930830711,0.011809395112342802
HT,84,-18.99054190238428,-18.99054190238428,0.0
HT,85,-20.990348144754925,-20.990348144754925,0.0
HT,86,0.1930371049015116,0.1930371049015116,0.0
HT,87,-4.99017521759047,-4.99017521759047,0.0
HT,88,-6.9899885478699035,-6.9899885478699035,0.0
HT,89,0.2002290426019239,0.2002290426019239,0.0
HT,90,0.195668830477812,0.195668830477812,0.0
HT,91,-4.990026604235393,-4.990026604235393,0.0
HT,92,0.1474034266255187,0.135668830477812,0.011734596147706694
HT,93,-0.9900266042353996,-0.9903916143450092,0.00036501010960965363
HT,94,-8.990216558476112,-8.990216558476112,0.0
HT,95,0.1917152000636069,0.1917152000636069,0.0
HT,96,0.1917152000636069,0.1917152000636069,0.0
HT,97,-20.99023236399054,-20.99023236399054,0.0
HT,98,-6.9900475064103835,-6.9900475064103835,0.0
HT,99,-0.9898417778131148,-0.9898417778131148,0.0
HT,100,0.1550135178117047,0.0272996183206108,0.1277138994910939
HT,101,-0.9894392096055976,-0.9894392096055976,0.0
HT,102,-2.9896350190839653,-2.9896350190839653,0.0
HT,103,-0.9894392096055976,-0.9894392096055976,0.0
HT,104,-4.989635019083968,-4.989635019083968,0.0
HT,105,0.2072831358829609,0.2072831358829609,0.0
HT,106,-2.9898415758924983,-2.9898415758924983,0.0
HT,107,0.2031684821499562,0.2031684821499562,0.0
HT,108,-4.989944939174682,-4.99004730857915,0.00010236940446795018
HT,109,0.1990538284169515,0.1990538284169515,0.0
HT,110,-4.990144106539454,-4.9902325581395335,8.845160007986408e-05
HT,111,0.1953488372093023,0.1953488372093023,0.0
HT,112,-14.990047704233753,-14.990047704233753,0.0
HT,113,-6.990144106539455,-6.990232558139535,8.845160007986408e-05
HT,114,0.1834207910952097,0.1834207910952097,0.0
HT,115,-2.9901439106322942,-2.9901439106322942,0.0
HT,116,0.1971217873541513,0.1971217873541513,0.0
HT,117,0.1971217873541513,0.1971217873541513,0.0
HT,118,0.1971217873541513,0.1971217873541513,0.0
HT,119,-0.9899451390407336,-0.9903287682124524,0.0003836291717188578
HT,120,-4.99014391063229,-4.99014391063229,0.0
HT,121,-12.990328768212452,-12.990328768212452,0.0
HT,122,0.1934246357510584,0.1934246357510584,0.0
HT,123,0.1934246357510584,0.1934246357510584,0.0
HT,124,-0.9901439106322922,-0.9901439106322922,0.0
HT,125,0.1929126186565709,0.1929126186565709,0.0
HT,126,0.1929126186565709,0.1929126186565709,0.0
HT,127,-6.990154404327775,-6.990154404327775,0.0
HT,128,0.196911913444497,0.196911913444497,0.0
HT,129,-4.989955367499001,-4.989955367499001,0.0
HT,130,-16.989963633832712,-16.989963633832712,0.0
HT,131,0.2007273233456873,0.2007273233456873,0.0
HT,132,0.2007273233456873,0.2007273233456873,0.0
HT,133,0.2007273233456873,0.2007273233456873,0.0
HT,134,-16.990039324180888,-16.990136764629113,9.744044822568299e-05
HT,135,0.1972647074176541,0.1972647074176541,0.0
HT,136,0.1972647074176541,0.1972647074176541,0.0
HT,137,0.1492135163821753,0.0207273233456875,0.1284861930364878
HT,138,0.1446597414348105,0.1446597414348105,0.0
HT,139,-2.989562561987787,-2.989562561987787,0.0
HT,140,-2.989562561987781,-2.9897670129282554,0.00020445094047438772
HT,141,0.2046597414348105,0.2046597414348105,0.0
HT,142,0.2046597414348105,0.2046597414348105,0.0
HT,143,-6.9895625619877855,-6.9895625619877855,0.0
HT,144,-2.9896739225000397,-2.9897670129282554,9.309042821570301e-05
HT,145,-6.9895625619877855,-6.9895625619877855,0.0
HT,146,-2.9897670129282554,-2.9897670129282554,0.0
HT,147,0.0365215499991301,-0.1712512397557028,0.2077727897548329
HT,148,-2.9893642010753267,-2.9893642010753267,0.0
HT,149,0.212715978493501,0.212715978493501,0.0
HT,150,-6.989470341563571,-6.9895625619877855,9.222042421441756e-05
HT,151,-12.989364201075324,-12.989364201075324,0.0
HT,152,-0.9895625619877904,-0.9895625619877904,0.0
HT,153,0.1446597414348105,0.1446597414348105,0.0
HT,154,0.2046597414348105,0.2046597414348105,0.0
HT,155,-2.989562561987787,-2.989562561987787,0.0
HT,156,0.2087487602442971,0.2087487602442971,0.0
HT,157,-6.98976701292826,-6.98976701292826,0.0
HT,158,-0.9895625619877904,-0.989963633832721,0.00040107184493065606
HT,159,-8.989767012928262,-8.990136764629119,0.00036975170085717934
HT,160,-18.989963633832716,-18.989963633832716,0.0
HT,161,-0.1707864836178239,-0.4627352925823452,0.2919488089645213
HT,162,0.0132104887682489,0.0132104887682489,0.0
HT,163,-6.990136764629117,-6.990136764629117,0.0
HT,164,0.1972647074176541,0.1972647074176541,0.0
HT,165,0.1453680986932539,0.1332104887682482,0.012157609925005697
HT,166,-24.990136764629113,-24.990136764629113,0.0
HT,167,0.1492135163821753,0.0207273233456875,0.1284861930364878
HT,168,-0.1707864836178239,-0.1827352925823452,0.011948808964521301
HT,169,-2.9899636338327173,-2.9899636338327173,0.0
HT,170,-4.990276415661904,-4.990276415661904,0.0
HT,171,-2.9900951054483738,-2.9900951054483738,0.0
HT,172,-10.98988742284014,-10.98988742284014,0.0
HT,173,-4.99009510544837,-4.99009510544837,0.0
HT,174,0.1980978910325616,0.1980978910325616,0.0
HT,175,0.1479926721573293,-0.1799091848557918,0.32790185701312113
HT,176,0.1517035668430776,-0.1765740769736635,0.32827764381674107
HT,177,0.2034259230263364,0.2034259230263364,0.0
HT,178,-2.9899954592427855,-2.9899954592427855,0.0
HT,179,-10.98982870384868,-10.98982870384868,0.0
HT,180,-10.989628609006072,-10.989628609006072,0.0
HT,181,-8.989408624037079,-8.989408624037079,0.0
HT,182,0.2118275192584706,0.2118275192584706,0.0
HT,183,-0.98950961357801,-0.9896286090060804,0.00011899542807036756
HT,184,-2.989408624037078,-2.989408624037078,0.0
HT,185,-2.989628609006071,-2.989628609006071,0.0
HT,186,0.2074278198784994,0.2074278198784994,0.0
HT,187,-0.9894086240370764,-0.9894086240370764,0.0
HT,188,-4.989187073338759,-4.989187073338759,0.0
HT,189,-2.9889670883697645,-2.9889670883697645,0.0
HT,190,0.2206582326047473,0.2206582326047473,0.0
HT,191,-4.9887431890774705,-4.9887431890774705,0.0
HT,192,-24.988967088369765,-24.988967088369765,0.0
HT,193,0.1651362184505542,0.1651362184505542,0.0
HT,194,0.2251362184505542,0.2251362184505542,0.0
HT,195,-4.988869230287466,-4.988967088369761,9.785808229523241e-05
HT,196,-2.988743189077474,-2.988743189077474,0.0
HT,197,-8.988743189077475,-8.988967088369764,0.00022389929228872063
HT,198,-2.9887431890774683,-2.989187073338757,0.0004438842612888294
HT,199,-6.988967088369763,-6.988967088369763,0.0
HT,200,0.2206582326047473,0.2206582326047473,0.0
HT,201,-12.988743189077471,-12.988743189077471,0.0
HT,202,0.2251362184505542,0.2251362184505542,0.0
HT,203,0.040658232604747,0.040658232604747,0.0
HT,204,0.2206582326047473,0.2206582326047473,0.0
HT,205,0.2206582326047473,0.2206582326047473,0.0
HT,206,0.2206582326047473,0.2206582326047473,0.0
HT,207,0.2206582326047473,0.2206582326047473,0.0
HT,208,0.2206582326047473,0.2206582326047473,0.0
HT,209,0.2206582326047473,0.2206582326047473,0.0
HT,210,0.2206582326047473,0.2206582326047473,0.0
HT,211,0.2206582326047473,0.2206582326047473,0.0
HT,212,-0.9891870733387664,-0.9891870733387664,0.0
HT,213,-4.988967088369761,-4.988967088369761,0.0
HT,214,-14.988743189077471,-14.988743189077471,0.0
HT,215,0.2251432687188801,0.2251432687188801,0.0
HT,216,-6.98896674286788,-6.98896674286788,0.0
HT,217,0.2206651426424075,0.2206651426424075,0.0
HT,218,0.2206651426424075,0.2206651426424075,0.0
HT,219,-8.989186734725834,-8.989186734725834,0.0
HT,220,-4.989499808801144,-4.9895969078271545,9.70990260107385e-05
HT,221,-2.9893805906919915,-2.9893805906919915,0.0
HT,222,-2.989163898657111,-2.989163898657111,0.0
HT,223,-4.988941958026226,-4.988941958026226,0.0
HT,224,-6.988716643297918,-6.988716643297918,0.0
HT,225,0.2217953698507935,0.2217953698507935,0.0
HT,226,-6.988685774305406,-6.988685774305406,0.0
HT,227,0.2262845138918864,0.2262845138918864,0.0
HT,228,-2.988464194759789,-2.988464194759789,0.0
HT,229,0.046284513891887,0.046284513891887,0.0
HT,230,-4.988910231507458,-4.988910231507458,0.0
HT,231,-10.988685774305402,-10.988685774305402,0.0
HT,232,0.2262845138918864,0.2262845138918864,0.0
HT,233,-4.988794405835885,-4.988910231507458,0.00011582567157297774
HT,234,-4.988794405835885,-4.989124616911985,0.0003302110760996513
HT,235,0.2175076617602624,0.2175076617602624,0.0
HT,236,-0.989344757629392,-0.989344757629392,0.0
HT,237,-4.989124616911985,-4.989124616911985,0.0
HT,238,-0.1668951525877332,-0.1668951525877332,0.0
HT,239,-4.989124616911985,-4.989124616911985,0.0
HT,240,-0.1668951525877318,-0.1668951525877318,0.0
HT,241,0.0375076617602621,0.0375076617602621,0.0
HT,242,-6.98891023150746,-6.98891023150746,0.0
HT,243,0.2217953698507935,0.2217953698507935,0.0
HT,244,-0.9886857743054056,-0.9886857743054056,0.0
HT,245,-2.988464582224206,-2.988464582224206,0.0
HT,246,-4.9885710585763805,-4.988686168146303,0.00011510956992211163
HT,247,0.2262766370739147,0.2262766370739147,0.0
HT,248,0.2262766370739147,0.2262766370739147,0.0
HT,249,0.2262766370739147,0.2262766370739147,0.0
HT,250,-4.988464194759786,-4.988464194759786,0.0
HT,251,-8.988570668047943,-8.988685774305408,0.00011510625746424807
HT,252,0.2262845138918864,0.2262845138918864,0.0
HT,253,0.2262845138918864,0.2262845138918864,0.0
HT,254,0.2262845138918864,0.2262845138918864,0.0
HT,255,0.2262845138918864,0.2262845138918864,0.0
HT,256,-2.988685774305402,-2.9889102315074565,0.00022445720205466202
HT,257,-8.988685774305408,-8.988685774305408,0.0
HT,258,0.2262845138918864,0.2262845138918864,0.0
HT,259,0.2262845138918864,0.2262845138918864,0.0
HT,260,-6.988794405835887,-6.98891023150746,0.00011582567157297774
HT,261,0.2217953698507935,0.2217953698507935,0.0
HT,262,0.2217953698507935,0.2217953698507935,0.0
HT,263,-0.9886857743054056,-0.9886857743054056,0.0
HT,264,-0.1492838951957525,-0.1492838951957525,0.0
HT,265,-10.98868577430541,-10.98868577430541,0.0
HT,266,0.2262845138918864,0.2262845138918864,0.0
HT,267,-2.988464194759789,-2.988464194759789,0.0
HT,268,0.2307161048042474,0.2307161048042474,0.0
HT,269,0.2307161048042474,0.2307161048042474,0.0
HT,270,0.2307161048042474,0.2307161048042474,0.0
HT,271,-6.988685774305406,-6.988685774305406,0.0
HT,272,0.0417953698507941,0.0417953698507941,0.0
HT,273,-0.9889102315074656,-0.9891246169119922,0.00021438540452656252
HT,274,-4.988910231507458,-4.988910231507458,0.0
HT,275,0.2190988932921945,0.2190988932921945,0.0
HT,276,0.2190988932921945,0.2190988932921945,0.0
HT,277,-6.988827056881577,-6.988827056881577,0.0
HT,278,-2.988827056881574,-2.9890450553353864,0.00021799845381265115
HT,279,0.1712510186029989,0.1712510186029989,0.0
HT,280,0.170807797186749,0.1631431734118091,0.007664623774939899
HT,281,-10.988636302275976,-10.988636302275976,0.0
HT,282,0.2272739544804125,0.2272739544804125,0.0
HT,283,-4.988413564081102,-4.988413564081102,0.0
HT,284,-0.9885283079996814,-0.9886363022759848,0.00010799427630336922
HT,285,0.2272739544804125,0.2272739544804125,0.0
HT,286,0.2272739544804125,0.2272739544804125,0.0
HT,287,0.1717287183779259,0.1717287183779259,0.0
HT,288,0.1794338400064796,0.0472739544804122,0.1321598855260674
HT,289,-10.9884135640811,-10.9884135640811,0.0
HT,290,0.0638616053349174,0.0561429844218258,0.007718620913091598
HT,291,-2.9879606630848583,-2.9879606630848583,0.0
HT,292,-12.98796066308486,-12.988192850778914,0.00023218769405453088
HT,293,0.2361429844218256,0.2361429844218256,0.0
HT,294,0.2361429844218256,0.2361429844218256,0.0
HT,295,-2.987960825605099,-2.987960825605099,0.0
HT,296,-14.987960825605091,-14.98819301016482,0.00023218455972973118
HT,297,0.2361397967035192,0.2361397967035192,0.0
HT,298,0.2238584484131805,0.2238584484131805,0.0
HT,299,-8.98806814346846,-8.98806814346846,0.0
HT,300,-0.9883070775793464,-0.9883070775793464,0.0
HT,301,-0.9880681434684592,-0.9880681434684592,0.0
HT,302,0.238637130630813,0.238637130630813,0.0
HT,303,0.238637130630813,0.238637130630813,0.0
HT,304,-12.988307077579346,-12.988307077579346,0.0
HT,305,-16.988413720487586,-16.988528462857218,0.00011474236963238127
HT,306,-0.1461415515868194,-0.1461415515868194,0.0
HT,307,-0.9885284628572252,-0.9885284628572252,0.0
HT,308,-6.98852846285722,-6.988747148314637,0.00021868545741732248
HT,309,0.2250570337072584,0.2250570337072584,0.0
HT,310,-0.9885280537855058,-0.9885280537855058,0.0
HT,311,-6.988306647586133,-6.988306647586133,0.0
HT,312,0.2338670482773517,0.2338670482773517,0.0
HT,313,0.2338670482773517,0.2338670482773517,0.0
HT,314,0.1861486121611404,0.1786461820930985,0.00750243006804191
HT,315,-2.9883073932587263,-2.9883073932587263,0.0
HT,316,0.2338521348253938,0.2338521348253938,0.0
HT,317,-10.988068465598465,-10.988068465598465,0.0
HT,318,0.1861334215250873,0.0538521348253935,0.1322812866996938
HT,319,0.2338521348253938,0.2338521348253938,0.0
HT,320,0.2338489781593369,0.2338489781593369,0.0
HT,321,0.2338489781593369,0.2338489781593369,0.0
HT,322,0.0494214519046468,0.0494214519046468,0.0
HT,323,-4.988747604006369,-4.988747604006369,0.0
HT,324,-4.988528927404766,-4.988528927404766,0.0
HT,325,-0.9887469964091956,-0.9887469964091956,0.0
HT,326,-4.988528307999674,-4.988528307999674,0.0
HT,327,-10.988306919733253,-10.988306919733253,0.0
HT,328,-0.9880679823969328,-0.9880679823969328,0.0
HT,329,0.2386403520613407,0.2386403520613407,0.0
HT,330,0.1907737372101184,0.1832304743392456,0.007543262870872786
HT,331,0.2432304743392457,0.2432304743392457,0.0
HT,332,0.2432304743392457,0.2432304743392457,0.0
HT,333,-2.9875914527145615,-2.9875914527145615,0.0
HT,334,0.2481709457088091,0.2481709457088091,0.0
HT,335,-6.987854827783165,-6.988091268945181,0.00023644116201548826
HT,336,-6.987854827783165,-6.987854827783165,0.0
HT,337,-2.9875901597970342,-2.9875901597970342,0.0
HT,338,0.2481968040593493,0.2481968040593493,0.0
HT,339,-6.987355379036436,-6.987355379036436,0.0
HT,340,-2.98762617017938,-2.987858244861666,0.00023207468228614303
HT,341,0.1951362376444746,0.1874765964123214,0.007659641232153208
HT,342,0.2474765964123215,0.2474765964123215,0.0
HT,343,0.2474765964123215,0.2474765964123215,0.0
HT,344,-8.987743188117777,-8.987858244861672,0.00011505674389411524
HT,345,-6.987857749885598,-6.9881094332222,0.00025168333660197106
HT,346,-0.9878577498855984,-0.9878577498855984,0.0
HT,347,-8.987989148198995,-8.988109433222203,0.00012028502320760026
HT,348,-8.9878577498856,-8.9878577498856,0.0
HT,349,-2.9879891481989893,-2.9881094332221965,0.00012028502320715617
HT,350,0.2378013702212227,0.2378013702212227,0.0
HT,351,0.2378013702212227,0.2378013702212227,0.0
HT,352,0.2378013702212227,0.2378013702212227,0.0
HT,353,-2.9878582448616724,-2.9878582448616724,0.0
HT,354,-8.987989644893052,-8.98810993148894,0.00012028659588914081
HT,355,0.1902071021390094,0.1828351027665916,0.007371999372417809
HT,356,0.1951362376444746,0.0674765964123217,0.1276596412321529
HT,357,0.2474765964123215,0.2474765964123215,0.0
HT,358,-0.9877431881177816,-0.9878582448616756,0.00011505674389400422
HT,359,-0.9876261701793836,-0.9876261701793836,0.0
HT,360,0.1828351027665916,0.1828351027665916,0.0
HT,361,0.2428351027665917,0.2428351027665917,0.0
HT,362,0.2428351027665917,0.2428351027665917,0.0
HT,363,-0.9876261701793836,-0.9876261701793836,0.0
HT,364,-0.1371648972334076,-0.1371648972334076,0.0
HT,365,-2.9879896448930454,-2.988109931488935,0.0001202865958895849
HT,366,-1.2267224517546154,-1.2267224517546154,0.0
HT,367,0.2332775482453846,0.2332775482453846,0.0
HT,368,0.2332775482453846,0.2332775482453846,0.0
HT,369,-14.988579964437005,-14.988579964437005,0.0
HT,370,0.2284126569037657,0.2284126569037657,0.0
HT,371,-0.9884643043933052,0.1732766736401673,-1.1617409780334724
HT,372,-0.9881099633891212,-0.9881099633891212,0.0
HT,373,0.2378007322175732,0.2378007322175732,0.0
HT,374,-2.987858263598328,-2.987858263598328,0.0
HT,375,0.2428450022880303,0.2428450022880303,0.0
HT,376,-4.987625678237561,-4.987625678237561,0.0
HT,377,-6.987380532130483,-6.987380532130483,0.0
HT,378,-18.987625678237563,-18.987625678237563,0.0
HT,379,0.2474864352487416,0.2474864352487416,0.0
HT,380,-0.9873810208671092,-0.9873810208671092,0.0
HT,381,0.2523795826578108,0.2523795826578108,0.0
HT,382,0.0774263898331674,0.0774263898331674,0.0
HT,383,0.2574263898331677,0.2574263898331677,0.0
HT,384,0.1923795826578107,0.1923795826578107,0.0
HT,385,0.0674864352487413,0.0674864352487413,0.0
HT,386,-8.987380532130485,-8.987380532130485,0.0
HT,387,0.2523893573903379,0.2523893573903379,0.0
HT,388,-6.9876256782375625,-6.9876256782375625,0.0
HT,389,-6.987380532130483,-6.987380532130483,0.0
HT,390,-0.987626176778248,-0.987626176778248,0.0
HT,391,0.2474764644351464,0.2474764644351464,0.0
HT,392,-0.9878582635983316,-0.9878582635983316,0.0
HT,393,0.2428347280334728,0.2428347280334728,0.0
HT,394,-0.9879896705020974,-0.9881099633891268,0.0001202928870294162
HT,395,-20.9878577498856,-20.988335621363667,0.00047787147806843677
HT,396,0.2332875727266784,0.2332875727266784,0.0
HT,397,0.2332875727266784,0.2332875727266784,0.0
HT,398,0.2332875727266784,0.2332875727266784,0.0
HT,399,-0.9885794600248468,-0.9885794600248468,0.0
HT,400,-4.988463996869291,-4.988463996869291,0.0
HT,401,-0.9887010827028492,-0.9887010827028492,0.0
HT,402,-16.9889247978085,-16.9889247978085,0.0
HT,403,-10.98870108270284,-10.98870108270284,0.0
HT,404,-8.988463996869294,-8.988463996869294,0.0
HT,405,0.2281672176380248,0.2281672176380248,0.0
HT,406,-8.988367779889114,-8.988367779889114,0.0
HT,407,-6.988134159356535,-6.988134159356535,0.0
HT,408,-4.987909649373973,-4.987909649373973,0.0
HT,409,-16.9880183252206,-16.98813415935653,0.0001158341359293047
HT,410,-4.987909828064191,-4.987909828064191,0.0
HT,411,0.2418034387161432,0.2418034387161432,0.0
HT,412,-0.9876508180291808,-0.9876508180291808,0.0
HT,413,0.0795607241868518,-0.1280834558967083,0.20764418008356011
HT,414,0.2519165441032916,0.2519165441032916,0.0
HT,415,0.079560747055379,-0.1330162035530676,0.21257695060844659
HT,416,-4.98740417778356,-4.98740417778356,0.0
HT,417,0.084285156504197,-0.1232680419079846,0.20755319841218162
HT,418,-8.986889438406978,-8.986889438406978,0.0
HT,419,0.0767319580920159,0.0767319580920159,0.0
HT,420,-0.9871634020954044,-0.9874041777835676,0.00024077568816316397
HT,421,-4.98752196264723,-4.9876508101776516,0.0001288475304219716
HT,422,-2.9876508101776493,-2.9879098067287004,0.00025899655105110497
HT,423,-12.987650810177652,-12.987650810177652,0.0
HT,424,0.2469837964469317,0.2469837964469317,0.0
HT,425,-0.987404177783562,-0.987404177783562,0.0
HT,426,0.2519164443287564,0.2519164443287564,0.0
HT,427,0.076731958092015,0.076731958092015,0.0
HT,428,0.2567319580920153,0.2567319580920153,0.0
HT,429,0.0892828788963364,0.0822112318604804,0.007071647035855999
HT,430,-0.9871634020954044,-0.9871634020954044,0.0
HT,431,-0.9872857421747956,-0.9874041777835676,0.0001184356087720051
HT,432,0.2519164443287564,0.2519164443287564,0.0
HT,433,0.2519164443287564,0.2519164443287564,0.0
HT,434,0.084285156504197,0.076731958092015,0.007553198412182008
HT,435,-12.987163402095405,-12.987404177783567,0.00024077568816238681
HT,436,0.2519164443287564,0.2519164443287564,0.0
HT,437,0.2519164443287564,0.2519164443287564,0.0
HT,438,-8.987163402095401,-8.987163402095401,0.0
HT,439,0.2567319580920153,0.2567319580920153,0.0
HT,440,-2.9870358560551793,-2.9874041777835583,0.00036832172837897303
HT,441,-2.9876508101776493,-2.9876508101776493,0.0
HT,442,0.2469837964469317,0.2469837964469317,0.0
HT,443,-0.1280835556712435,-0.1280835556712435,0.0
HT,444,-0.987163402095399,-0.987163402095399,0.0
HT,445,-0.9868894384069756,-0.9868894384069756,0.0
HT,446,0.2092828788963362,0.1967319580920152,0.012550920804320992
HT,447,-0.1280835556712428,-0.1280835556712428,0.0
HT,448,-10.987163402095405,-10.987650810177657,0.0004874080822521165
HT,449,-4.98740417778356,-4.98740417778356,0.0
HT,450,-0.98716323502616,-0.98716323502616,0.0
HT,451,-0.98688926777208,-0.98688926777208,0.0
HT,452,-0.9871632350261657,-0.9871632350261657,0.0
HT,453,-4.9874040138480344,-4.9874040138480344,0.0
HT,454,0.2519197230392794,0.2519197230392794,0.0
HT,455,0.2519131657035764,0.2519131657035764,0.0
HT,456,-0.9871635691602892,-0.9871635691602892,0.0
HT,457,0.256728616794211,0.256728616794211,0.0
HT,458,-10.986889609037426,-10.986889609037426,0.0
HT,459,-4.986622156280908,-4.986622156280908,0.0
HT,460,0.2675603566083165,0.2675603566083165,0.0
HT,461,0.2675603566083165,0.2675603566083165,0.0
HT,462,-4.9867697013079955,-4.986889438406974,0.0001197370989789448
HT,463,0.2622112318604802,0.2622112318604802,0.0
HT,464,-2.986621982169586,-2.986621982169586,0.0
HT,465,-10.986622330387709,-10.986889779663446,0.0002674492757375191
HT,466,-8.987163736220833,-8.987163736220833,0.0
HT,467,0.0842785376836677,0.0719098871637359,0.012368650519931801
HT,468,-0.9871637362208364,-0.987651131616284,0.00048739539544762067
HT,469,-0.9874045056418128,-0.9874045056418128,0.0
HT,470,0.1924339906964554,0.1924339906964554,0.0
HT,471,-6.987249557754046,-6.987617768459674,0.0003682107056279804
HT,472,0.0799574133525516,0.0724339906964552,0.007523422656096401
HT,473,0.2050088449190853,-0.4021411255978512,0.6071499705169365
HT,474,-0.9869802791063408,-0.9873783004651826,0.0003980213588418158
HT,475,0.248084000580406,0.248084000580406,0.0
HT,476,0.248084000580406,0.248084000580406,0.0
HT,477,-2.9873273621865497,-2.9873273621865497,0.0
HT,478,-0.9870714558957376,-0.9870714558957376,0.0
HT,479,-0.4065472437309547,-0.4065472437309547,0.0
HT,480,0.2534527562690445,0.2534527562690445,0.0
HT,481,0.1880840005804059,0.1880840005804059,0.0
HT,482,0.248084000580406,0.248084000580406,0.0
HT,483,0.248084000580406,0.248084000580406,0.0
HT,484,0.248084000580406,0.248084000580406,0.0
HT,485,-4.987327353076972,-4.987327353076972,0.0
HT,486,-6.987071433282765,-6.987071433282765,0.0
HT,487,0.0840854824879622,0.0840854824879622,0.0
HT,488,-2.9866591913462193,-2.986525295165228,-0.0001338961809911332
HT,489,0.2694940966954686,0.2694940966954686,0.0
HT,490,0.2695062591512881,0.2695062591512881,0.0
HT,491,-0.9867957630360564,-0.9867957630360564,0.0
HT,492,0.2113014285902728,0.1985708820852404,0.012730546505032386
HT,493,0.2585708820852405,0.2585708820852405,0.0
HT,494,0.2585708820852405,0.2585708820852405,0.0
HT,495,0.2061305385904047,0.1934527562690445,0.012677782321360187
HT,496,0.2534527562690445,0.2534527562690445,0.0
HT,497,0.2534527562690445,0.2534527562690445,0.0
HT,498,-4.9870714558957365,-4.9870714558957365,0.0
HT,499,0.2585708820852405,0.2585708820852405,0.0
HT,500,0.2585708820852405,0.2585708820852405,0.0
HT,501,0.2585708820852405,0.2585708820852405,0.0
HT,502,0.2585708820852405,0.2585708820852405,0.0
HT,503,0.2585708820852405,0.2585708820852405,0.0
HT,504,-4.9870714558957365,-4.987327362186546,0.00025590629080962657
HT,505,0.086130538590405,0.0785708820852407,0.007559656505164297
HT,506,0.2585708820852405,0.2585708820852405,0.0
HT,507,-2.987327362186544,-2.987327362186544,0.0
HT,508,0.2534527562690445,0.2534527562690445,0.0
HT,509,0.200682636626258,0.0680840005804057,0.1325986360458523
HT,510,-2.9873273621865497,-2.9873273621865497,0.0
HT,511,-2.987595799970976,-2.987595799970976,0.0
HT,512,-0.9878338983498056,-0.9878338983498056,0.0
HT,513,-6.98759579997098,-6.98759579997098,0.0
HT,514,0.248084000580406,0.248084000580406,0.0
HT,515,-6.987327362186548,-6.987327362186548,0.0
HT,516,-2.9870714558957396,-2.9870714558957396,0.0
HT,517,-2.987327362186544,-2.987327362186544,0.0
HT,518,-8.98746586816869,-8.98759579997098,0.00012993180229159407
HT,519,0.200682636626258,0.0734527562690447,0.12722988035721328
HT,520,-14.987071455895736,-14.987071455895736,0.0
HT,521,-18.987327362186548,-18.987327362186548,0.0
HT,522,0.0861305385904045,0.0785708820852402,0.007559656505164297
HT,523,-2.986795763036053,-2.986795763036053,0.0
HT,524,-4.9870714558957365,-4.9870714558957365,0.0
HT,525,0.2585708820852405,0.2585708820852405,0.0
HT,526,0.0734527562690443,0.0734527562690443,0.0
HT,527,-8.98707145589574,-8.98707145589574,0.0
HT,528,-4.987193473070478,-4.987327362186546,0.00013388911606782017
HT,529,0.2461305385904048,0.2461305385904048,0.0
HT,530,0.2561305385904048,0.2561305385904048,0.0
HT,531,0.2561305385904048,0.2561305385904048,0.0
HT,532,-0.986934928570486,-0.986934928570486,0.0
HT,533,-10.9866585761585,-10.9866585761585,0.0
HT,534,0.2668284768299278,0.2668284768299278,0.0
HT,535,-0.1059152607210232,-0.1186985714097277,0.012783310688704502
HT,536,-4.986658576158502,-4.986658576158502,0.0
HT,537,-0.9866585761585088,-0.9869349285704916,0.00027635241198276095
HT,538,-0.9866585761585034,-0.9866585761585034,0.0
HT,539,0.2668284768299278,0.2668284768299278,0.0
HT,540,0.0879632263376722,0.0879632263376722,0.0
HT,541,-8.986334406238731,-8.986334406238731,0.0
HT,542,0.1061631269861793,0.0987217681843856,0.007441358801793696
HT,543,-14.986063911590778,-14.986334406238726,0.00027049464794792755
HT,544,-6.98606391159078,-6.98606391159078,0.0
HT,545,-4.986556782733326,-4.986556782733326,0.0
HT,546,0.2688643453334457,0.2688643453334457,0.0
HT,547,-6.986414158446449,-4.986288396144224,-2.0001257623022246
HT,548,-0.9864141584464544,-0.986556782733333,0.00014262428687861206
HT,549,0.1017168310710167,-0.1057679228845235,0.2074847539555402
HT,550,-0.986556782733333,-0.986556782733333,0.0
HT,551,0.2688643453334457,0.2688643453334457,0.0
HT,552,0.2688643453334457,0.2688643453334457,0.0
HT,553,0.2688643453334457,0.2688643453334457,0.0
HT,554,0.2688643453334457,0.2688643453334457,0.0
HT,555,0.0963490992889869,-0.1161239917938334,0.2124730910828203
HT,556,0.2638760082061658,0.2638760082061658,0.0
HT,557,0.2638760082061658,0.2638760082061658,0.0
HT,558,-0.9865567827333276,-0.9865567827333276,0.0
HT,559,-20.986288396144225,-20.986288396144225,0.0
HT,560,-10.98628820347081,-10.98655659383124,0.00026839036043035946
HT,561,0.2688681233752547,0.2688681233752547,0.0
HT,562,0.2688681233752547,0.2688681233752547,0.0
HT,563,0.2688681233752547,0.2688681233752547,0.0
HT,564,0.2688681233752547,0.2688681233752547,0.0
HT,565,0.2688681233752547,0.2688681233752547,0.0
HT,566,0.2688681233752547,0.2688681233752547,0.0
HT,567,-8.986806014192371,-8.986806014192371,0.0
HT,568,-0.9865565938312372,-0.9865565938312372,0.0
HT,569,0.2688681233752547,0.2688681233752547,0.0
HT,570,-12.986288396144223,-12.986288396144223,0.0
HT,571,0.2742320771154765,0.2742320771154765,0.0
HT,572,-0.986145069274659,-0.986556782733333,0.00041171345867407894
HT,573,0.2688643453334457,0.2688643453334457,0.0
HT,574,0.1017168310710172,-0.1057679228845235,0.2074847539555407
HT,575,0.2203164432453699,0.2203164432453699,0.0
HT,576,-8.986288396144229,-8.986288396144229,0.0
HT,577,-0.1111356546665535,-0.1111356546665535,0.0
HT,578,0.2688643453334457,0.2688643453334457,0.0
HT,579,-2.986288396144228,-2.986288396144228,0.0
HT,580,0.2742320771154765,0.2742320771154765,0.0
HT,581,0.2270986145069274,0.2203164432453699,0.006782171261557501
HT,582,0.28031644324537,0.28031644324537,0.0
HT,583,-2.9859841778377274,-2.9862883961442224,0.0003042183064949633
HT,584,-32.98655678273333,-32.98655678273333,0.0
HT,585,-0.986288396144226,-0.986288396144226,0.0
HT,586,0.2742320771154765,0.2742320771154765,0.0
HT,587,-10.98655678273333,-10.98655678273333,0.0
HT,588,-0.1161239917938334,-0.1161239917938334,0.0
HT,589,0.2638760082061658,0.2638760082061658,0.0
HT,590,-0.9865586486980226,-0.9865586486980226,0.0
HT,591,-4.986290243251218,-4.986290243251218,0.0
HT,592,-0.9859860035693706,-0.9859860035693706,0.0
HT,593,-2.985986003569367,-2.986290243251215,0.0003042396818480064
HT,594,-2.985986003569373,-2.985986003569373,0.0
HT,595,-0.1057679228845228,-0.1057679228845228,0.0
HT,596,-0.9859841778377312,-0.9859841778377312,0.0
HT,597,0.28031644324537,0.28031644324537,0.0
HT,598,0.28031644324537,0.28031644324537,0.0
HT,599,-0.9859841778377368,-0.9862883961442316,0.00030421830649474124
HT,600,0.2742320771154765,0.2742320771154765,0.0
HT,601,-10.985984177837729,-10.985984177837729,0.0
HT,602,-12.986288396144232,-12.986288396144232,0.0
HT,603,-12.986556782733333,-12.986556782733333,0.0
HT,604,-6.986288396144226,-6.986806199589692,0.0005178034454660363
HT,605,0.2604999852424663,0.2604999852424663,0.0
HT,606,0.2604999852424663,0.2604999852424663,0.0
HT,607,0.2604999852424663,0.2604999852424663,0.0
HT,608,0.2604999852424663,0.2604999852424663,0.0
HT,609,-12.98672670523302,-12.98672670523302,0.0
HT,610,-18.98663813193301,-18.98663813193301,0.0
HT,611,-6.986366249262033,-6.986366249262033,0.0
HT,612,0.0983612466208865,0.0983612466208865,0.0
HT,613,0.2783612466208868,0.2783612466208868,0.0
HT,614,0.2783612466208868,0.2783612466208868,0.0
HT,615,-14.985785197153778,-14.985785197153778,0.0
HT,616,0.2842960569244632,0.2842960569244632,0.0
HT,617,-0.9854923406767602,-0.986081937668961,0.000589596992200847
HT,618,0.2783612466208868,0.2783612466208868,0.0
HT,619,0.2783612466208868,0.2783612466208868,0.0
HT,620,0.2783500349568865,0.2783500349568865,0.0
HT,621,-6.98636681426241,-6.98636681426241,0.0
HT,622,-2.9860824982521574,-2.9860824982521574,0.0
HT,623,0.2783500349568865,0.2783500349568865,0.0
HT,624,-0.9859387866076336,-0.986366814262415,0.0004280276547814488
HT,625,-6.986082498252156,-6.986082498252156,0.0
HT,626,-2.985785753126701,-2.985785753126701,0.0
HT,627,0.2371747067505631,0.1101421580051271,0.127032548745436
HT,628,-4.9852171211061895,-4.9852171211061895,0.0
HT,629,-2.9854928920997397,-2.9854928920997397,0.0
HT,630,0.2901271015258398,0.2901271015258398,0.0
HT,631,-6.985493644923708,-6.985786537804158,0.00029289288044953565
HT,632,0.2842692439168401,0.2842692439168401,0.0
HT,633,-2.98549364492371,-2.98549364492371,0.0
HT,634,0.2901271015258398,0.2901271015258398,0.0
HT,635,0.290142158005127,0.290142158005127,0.0
HT,636,-2.9854928920997397,-2.985785753126695,0.000292861026955471
HT,637,0.2842849374660141,0.2842849374660141,0.0
HT,638,0.2842849374660141,0.2842849374660141,0.0
HT,639,-2.9854928920997454,-2.9854928920997454,0.0
HT,640,-0.9852171211061912,-0.9852171211061912,0.0
HT,641,0.1284696651907094,0.1215924803853027,0.006877184805406708
HT,642,0.3015924803853025,0.3015924803853025,0.0
HT,643,-0.0843424221238244,-0.0843424221238244,0.0
HT,644,-10.985492892099748,-10.985492892099748,0.0
HT,645,0.290124607687766,0.290124607687766,0.0
HT,646,-10.98578664429322,-10.98578664429322,0.0
HT,647,0.2842671141356701,0.2842671141356701,0.0
HT,648,0.2842671141356701,0.2842671141356701,0.0
HT,649,0.2842671141356701,0.2842671141356701,0.0
HT,650,-0.0828252932494368,-0.089857841994873,0.0070325487454361985
HT,651,-6.985641264662472,-6.9857857531267,0.00014448846422787653
HT,652,-4.985938786607627,-4.986082498252154,0.00014371164452686713
HT,653,0.2783500349568865,0.2783500349568865,0.0
HT,654,-2.985785753126701,-2.985785753126701,0.0
HT,655,0.2842960569244632,0.2842960569244632,0.0
HT,656,0.2842960569244632,0.2842960569244632,0.0
HT,657,-0.9856407109343496,-0.986081937668961,0.000441226734611444
HT,658,-0.986366249262038,-0.986366249262038,0.0
HT,659,-0.9866381319330134,-0.9866381319330134,0.0
HT,660,0.2672259768507729,0.2672259768507729,0.0
HT,661,-0.9863668142624096,-0.9863668142624096,0.0
HT,662,-12.986082498252154,-12.986082498252154,0.0
HT,663,0.2783500349568865,0.2783500349568865,0.0
HT,664,-0.985785753126699,-0.985785753126699,0.0
HT,665,-8.985492340676757,-8.986081937668958,0.0005895969922011801
HT,666,-0.9857851971537768,-0.9857851971537768,0.0
HT,667,-2.9857851971537728,-2.986081937668952,0.0002967405151790281
HT,668,-0.1073249852406557,-0.1073249852406557,0.0
HT,669,-8.986081937668958,-8.986081937668958,0.0
HT,670,0.2745269286754003,0.2745269286754003,0.0
HT,671,0.2745269286754003,0.2745269286754003,0.0
HT,672,-4.985978373882302,-4.985978373882302,0.0
HT,673,-16.985690580162192,-16.985690580162192,0.0
HT,674,-6.985408608858391,-6.985408608858391,0.0
HT,675,-4.985332712723104,-4.985332712723104,0.0
HT,676,-0.0925977908662876,-0.0925977908662876,0.0
HT,677,0.2216197926923145,0.2216197926923145,0.0
HT,678,0.1074022091337118,0.1074022091337118,0.0
HT,679,0.1144662453678007,-0.0983802073076861,0.2128464526754868
HT,680,0.0959805939955957,0.0959805939955957,0.0
HT,681,0.2286480244902342,0.2216197926923145,0.007028231797919698
HT,682,0.2816197926923146,0.2816197926923146,0.0
HT,683,-4.985629889543312,-4.985629889543312,0.0
HT,684,0.2874022091337117,0.2874022091337117,0.0
HT,685,0.2874124997762142,0.2874124997762142,0.0
HT,686,-14.985476305566,-14.985332187550352,-0.00014411801564762072
HT,687,0.2933562489929641,0.2933562489929641,0.0
HT,688,-0.9853321875503572,-0.9856293750111946,0.00029718746083740033
HT,689,-0.9857761784557048,-0.9859185061854432,0.000142327729738434
HT,690,0.2816197926923146,0.2816197926923146,0.0
HT,691,-0.9856298895433142,-0.9856298895433142,0.0
HT,692,-6.985332712723106,-6.985332712723106,0.0
HT,693,-2.9849952559122093,-2.9849952559122093,0.0
HT,694,-20.985332712723107,-20.985332712723107,0.0
HT,695,0.12656814479314,-0.0799051182441504,0.2064732630372904
HT,696,0.3000948817558495,0.3000948817558495,0.0
HT,697,0.3000948817558495,0.3000948817558495,0.0
HT,698,0.3000948817558495,0.3000948817558495,0.0
HT,699,-2.9853327127231024,-2.9853327127231024,0.0
HT,700,0.2933583959899749,0.2933583959899749,0.0
HT,701,0.2933583959899749,0.2933583959899749,0.0
HT,702,0.2933583959899749,0.2933583959899749,0.0
HT,703,-4.984994629430718,-4.984994629430718,0.0
HT,704,0.1133583959899746,0.1133583959899746,0.0
HT,705,0.1201074113856065,0.1201074113856065,0.0
HT,706,0.3001074113856068,0.3001074113856068,0.0
HT,707,-0.9846706050841444,-0.9853320802005066,0.0006614751163621646
HT,708,0.2933583959899749,0.2933583959899749,0.0
HT,709,0.2404761904761904,-0.0925850340136061,0.33306122448979647
HT,710,-2.985331662339989,-2.985331662339989,0.0
HT,711,-4.9854757855160665,-2.9856288604422123,-1.9998469250738542
HT,712,0.2874227911556709,0.2874227911556709,0.0
HT,713,0.2874227911556709,0.2874227911556709,0.0
HT,714,0.2874227911556709,0.2874227911556709,0.0
HT,715,0.2874022091337117,0.2874022091337117,0.0
HT,716,-14.985629889543311,-14.98591901036538,0.00028912082206922207
HT,717,-16.98562988954331,-16.98562988954331,0.0
HT,718,0.2874022091337117,0.2874022091337117,0.0
HT,719,-6.985332712723106,-6.985332712723106,0.0
HT,720,-0.9854761904761958,-0.9856292517006856,0.00015306122448977
HT,721,-4.985332080200499,-4.985332080200499,0.0
HT,722,0.2933583959899749,0.2933583959899749,0.0
HT,723,0.2401074113856068,0.2401074113856068,0.0
HT,724,-6.985170963122091,-6.985332080200501,0.0001611170784103777
HT,725,0.1265807375581808,0.1201074113856065,0.0064733261725743035
HT,726,-10.985332080200504,-10.985332080200504,0.0
HT,727,0.2933583959899749,0.2933583959899749,0.0
HT,728,-0.7325850340136051,-0.7325850340136051,0.0
HT,729,-0.0983673469387748,-0.0983673469387748,0.0
HT,730,0.2788326611518345,0.2788326611518345,0.0
HT,731,0.2788326611518345,0.2788326611518345,0.0
HT,732,-2.9857595650936655,-2.9857595650936655,0.0
HT,733,-2.9854725386872363,-2.9854725386872363,0.0
HT,734,-4.985156564318445,-4.985156564318445,0.0
HT,735,0.1260614876894352,0.1189925745798776,0.007068913109557609
HT,736,-2.985351079074207,-2.985351079074207,0.0
HT,737,0.2929784185157844,0.2929784185157844,0.0
HT,738,-14.985050371271006,-14.985050371271006,0.0
HT,739,0.2989925745798775,0.2989925745798775,0.0
HT,740,0.2989925745798775,0.2989925745798775,0.0
HT,741,0.2989925745798775,0.2989925745798775,0.0
HT,742,-16.9847409787659,-16.9847409787659,0.0
HT,743,0.257916105779669,-0.0684580311780798,0.3263741369577488
HT,744,-6.984086369360372,-6.984086369360372,0.0
HT,745,-8.984263320161537,-8.984422901558906,0.00015958139736937937
HT,746,0.2647335967692908,0.138272612792566,0.1264609839767248
HT,747,-16.9844229015589,-16.9844229015589,0.0
HT,748,-2.9846041947110127,-2.9847409787659,0.00013678405488715129
HT,749,0.2522493377914802,0.2389925745798774,0.013256763211602768
HT,750,-8.985052654434917,-8.98535338182608,0.0003007273911634911
HT,751,0.2929323634784497,0.2929323634784497,0.0
HT,752,-14.985052654434917,-14.985052654434917,0.0
HT,753,0.2989469113017045,0.2989469113017045,0.0
HT,754,-10.984743241776131,-10.984743241776131,0.0
HT,755,0.2522493377914802,0.1189925745798772,0.13325676321160296
HT,756,0.2522493377914802,0.2451804246819227,0.007068913109557484
HT,757,-4.9844229015589026,-4.9844229015589026,0.0
HT,758,0.3115419688219202,0.3115419688219202,0.0
HT,759,-4.9847409787659025,-4.9847409787659025,0.0
HT,760,0.3051870508283214,0.3051870508283214,0.0
HT,761,-10.984422563345415,-10.984422563345415,0.0
HT,762,-0.0748129491716779,-0.0748129491716779,0.0
HT,763,-0.9844225633454196,-0.9844225633454196,0.0
HT,764,-6.984086023840025,-6.984086023840025,0.0
HT,765,-10.984262978483187,-10.984422563345424,0.0001595848622368834
HT,766,0.3115487330916038,0.3115487330916038,0.0
HT,767,-4.984086023840023,-4.984086023840023,0.0
HT,768,0.1315487330916035,0.1315487330916035,0.0
HT,769,-10.984086023840028,-10.984740647458588,0.0006546236185602794
HT,770,0.3051870508283214,0.3051870508283214,0.0
HT,771,-8.984422563345422,-8.984422563345422,0.0
HT,772,-0.9847406474585892,-0.9847406474585892,0.0
HT,773,-2.9844225633454218,-2.9844225633454218,0.0
HT,774,-0.9842629784831836,-0.984086023840024,-0.0001769546431595881
HT,775,-2.9844229015589,-2.9844229015589,0.0
HT,776,-6.984740978765904,-6.984740978765904,0.0
HT,777,-6.984422901558904,-6.984422901558904,0.0
HT,778,0.3115419688219202,0.3115419688219202,0.0
HT,779,-0.984604194711022,-0.9847409787659092,0.00013678405488715129
HT,780,-8.98457470788201,-8.98457470788201,0.0
HT,781,-10.984887234535112,-10.984887234535112,0.0
HT,782,-2.9851808755619955,-2.9851808755619955,0.0
HT,783,-6.984887234535109,-6.984887234535109,0.0
HT,784,0.3022553092978202,0.3022553092978202,0.0
HT,785,-8.984769692089849,-8.984769692089849,0.0
HT,786,0.3046061582030707,0.3046061582030707,0.0
HT,787,0.3046061582030707,0.3046061582030707,0.0
HT,788,0.3046061582030707,0.3046061582030707,0.0
HT,789,-2.9844545631229713,-2.9844545631229713,0.0
HT,790,0.3109173700577521,0.3109173700577521,0.0
HT,791,0.29744669035984,0.29744669035984,0.0
HT,792,0.1344713460684137,0.1344713460684137,0.0
HT,793,0.1476088405153266,0.1409962239004888,0.006612616614837807
HT,794,-12.984276432696584,-12.984276432696584,0.0
HT,795,0.3144626148763084,0.3144626148763084,0.0
HT,796,-0.9839506344226336,-0.9839506344226336,0.0
HT,797,-10.983950634422635,-10.984276869256188,0.0003262348335528742
HT,798,0.3144626148763084,0.3144626148763084,0.0
HT,799,-10.98395063442263,-10.98395063442263,0.0
HT,800,-2.9842759961127268,-2.9842759961127268,0.0
HT,801,-2.9839497431625728,-2.9839497431625728,0.0
HT,802,-0.9835985006247394,-0.9835985006247394,0.0
HT,803,-2.983772039428012,-2.983949743162567,0.00017770373455494592
HT,804,-4.984275996112729,-4.984275996112729,0.0
HT,805,0.1409962239004883,0.1409962239004883,0.0
HT,806,0.1545501999111503,-0.0519791203909373,0.2065293203020876
HT,807,-2.98323106397157,-2.98323106397157,0.0
HT,808,-4.983006163927142,-4.983598956019545,0.0005927920924033714
HT,809,-2.983950188804972,-2.983950188804972,0.0
HT,810,0.3209951961791575,0.3209951961791575,0.0
HT,811,-6.984276511259822,-6.984276511259822,0.0
HT,812,-0.983950240191042,-0.983950240191042,0.0
HT,813,0.254469774803543,0.254469774803543,0.0
HT,814,-10.98395024019104,-10.98395024019104,0.0
HT,815,-8.983598956019549,-8.983598956019549,0.0
HT,816,-4.9839501888049735,-4.9839501888049735,0.0
HT,817,-0.9835989560195466,-0.9835989560195466,0.0
HT,818,-0.983417092403376,0.1553787205686359,-1.138795812972012
HT,819,-2.983231063971564,-2.983598956019543,0.0003678920479788239
HT,820,-4.983231055452196,-4.983231055452196,0.0
HT,821,0.3353788909560436,0.3353788909560436,0.0
HT,822,-6.982825646294394,-6.982825646294394,0.0
HT,823,0.3434870741121261,0.3434870741121261,0.0
HT,824,0.1698772665426371,0.1553788909560433,0.014498375586593809
HT,825,0.3326154582435989,0.3326154582435989,0.0
HT,826,0.3326154582435989,0.3326154582435989,0.0
HT,827,0.3326154582435989,0.3326154582435989,0.0
HT,828,-6.982991146207227,-6.982991146207227,0.0
HT,829,0.3401770758554678,0.3401770758554678,0.0
HT,830,0.3357333033337083,0.3357333033337083,0.0
HT,831,0.3357333033337083,0.3357333033337083,0.0
HT,832,0.3357333033337083,0.3357333033337083,0.0
HT,833,-2.9828945888176417,-2.9828945888176417,0.0
HT,834,-12.982500843739452,-12.982500843739452,0.0
HT,835,0.349970001499925,0.349970001499925,0.0
HT,836,-0.0379046047697608,-0.0379046047697608,0.0
HT,837,0.2957702114894254,0.2899700014999249,0.005800209989500482
HT,838,-4.982895230238486,-4.982895230238486,0.0
HT,839,-0.0442792860356975,-0.0442792860356975,0.0
HT,840,-4.983065846707663,-4.982895230238486,-0.00017061646917682083
HT,841,0.3420953952302385,0.3420953952302385,0.0
HT,842,0.3420953952302385,0.3420953952302385,0.0
HT,843,0.2957702114894256,0.2957702114894256,0.0
HT,844,-0.9828952302384936,-0.98306584670767,0.00017061646917648776
HT,845,-10.982710262851995,-10.982710262851995,0.0
HT,846,-6.982307173122352,-6.982307173122352,0.0
HT,847,0.3538565375529641,0.3538565375529641,0.0
HT,848,0.3538565375529641,0.3538565375529641,0.0
HT,849,-4.982500281225391,-4.982710262851999,0.00020998162660745834
HT,850,0.3457947429599909,0.3457947429599909,0.0
HT,851,-0.9830646068469062,-0.9830646068469062,0.0
HT,852,0.338707863061982,0.338707863061982,0.0
HT,853,0.338707863061982,0.338707863061982,0.0
HT,854,0.272033447073381,0.272033447073381,0.0
HT,855,-4.983065846707663,-4.983065846707663,0.0
HT,856,-2.9827114894255304,-2.9827114894255304,0.0
HT,857,-2.9827114894255247,-2.9830658467076607,0.0003543572821360641
HT,858,0.3386830658467077,0.3386830658467077,0.0
HT,859,0.1657207139643014,0.1520083995800207,0.013712314384280722
HT,860,0.3283621956105595,0.3283621956105595,0.0
HT,861,-0.9832468948938252,-0.9832468948938252,0.0
HT,862,-4.982908560744334,-4.982908560744334,0.0
HT,863,0.3418287851132974,0.3418287851132974,0.0
HT,864,-2.98250901482438,-2.98250901482438,0.0
HT,865,0.3438852072950326,0.3438852072950326,0.0
HT,866,-14.982427843803055,-14.982427843803055,0.0
HT,867,-10.982014349088118,-10.982014349088118,0.0
HT,868,-6.981565255490443,-6.981565255490443,0.0
HT,869,0.3686948901911386,0.3686948901911386,0.0
HT,870,-6.981163389384894,-6.981163389384894,0.0
HT,871,-0.9807361559949606,-0.9807361559949606,0.0
HT,872,-6.980295229227146,-6.980295229227146,0.0
HT,873,0.3940954154570849,0.3940954154570849,0.0
HT,874,0.3940954154570849,0.3940954154570849,0.0
HT,875,-4.980522539299993,-4.9807361559949594,0.00021361669496666735
HT,876,-0.9802952292271456,-0.9802952292271456,0.0
HT,877,-2.979862518486056,-2.980736155994957,0.000873637508900682
HT,878,-0.980736155994966,-0.9811633893848988,0.0004272333899327796
HT,879,0.3767322123021306,0.3767322123021306,0.0
HT,880,0.3767322123021306,0.3767322123021306,0.0
HT,881,-10.981563236019063,-10.981563236019063,0.0
HT,882,0.3687352796187763,0.3687352796187763,0.0
HT,883,0.3687352796187763,0.3687352796187763,0.0
HT,884,0.3687352796187763,0.3687352796187763,0.0
HT,885,0.3673282442748091,0.3673282442748091,0.0
HT,886,-6.981238337574215,-6.981238337574215,0.0
HT,887,-4.981238337574213,-4.981633587786257,0.00039525021204411814
HT,888,0.3673282442748091,0.3673282442748091,0.0
HT,889,-6.981238337574215,-6.981238337574215,0.0
HT,890,0.3728269590799679,0.3728269590799679,0.0
HT,891,-18.980890612463224,-18.980890612463224,0.0
HT,892,-12.980489435677988,-12.980489435677988,0.0
HT,893,-6.980119461531604,-6.980119461531604,0.0
HT,894,0.3976107693679237,0.3976107693679237,0.0
HT,895,0.3976107693679237,0.3976107693679237,0.0
HT,896,-2.9804894356779847,-2.9804894356779847,0.0
HT,897,-0.9801194615316036,-0.9801194615316036,0.0
HT,898,0.3976107693679237,0.3976107693679237,0.0
HT,899,-2.9796781670678394,-2.9804894356779847,0.0008112686101453548
HT,900,-0.9808906124632308,-0.9808906124632308,0.0
HT,901,0.3821877507354907,0.3821877507354907,0.0
HT,902,0.3821877507354907,0.3821877507354907,0.0
HT,903,-0.9811491486137168,-0.9813586520460068,0.00020950343228998136
HT,904,0.3728269590799679,0.3728269590799679,0.0
HT,905,-4.981317567567566,-4.981317567567566,0.0
HT,906,-0.9809093468468466,-0.9809093468468466,0.0
HT,907,-4.9804786036036015,-4.9804786036036015,0.0
HT,908,0.3904279279279279,0.3904279279279279,0.0
HT,909,-0.980028153153153,-0.980028153153153,0.0
HT,910,0.018838630806846,0.018838630806846,0.0
HT,911,0.398838630806846,0.398838630806846,0.0
HT,912,0.398838630806846,0.398838630806846,0.0
HT,913,-0.9794773838630804,-0.9794773838630804,0.0
HT,914,-4.980058068459656,-4.980058068459656,0.0
HT,915,0.3386807735142249,0.203416017009213,0.13526475650501188
HT,916,-8.9802925989673,-8.9802925989673,0.0
HT,917,-14.979735749721575,-14.979735749721575,0.0
HT,918,-4.979224460868683,-4.979224460868683,0.0
HT,919,-8.978733421079276,-8.978733421079276,0.0
HT,920,0.4121507197290432,0.4121507197290432,0.0
HT,921,-6.97885266723116,-6.97885266723116,0.0
HT,922,-2.9785986452159205,-0.9783763759525824,-2.0002222692633382
HT,923,-8.977963590177817,-8.977963590177817,0.0
HT,924,-0.9774872988992376,-0.9774872988992376,0.0
HT,925,-6.9773242095327985,-6.9773242095327985,0.0
HT,926,-2.976757904672017,-2.976757904672017,0.0
HT,927,-18.976403964134025,-18.976403964134025,0.0
HT,928,-14.97579046720151,-14.97579046720151,0.0
HT,929,-30.337696414404185,-30.337696414404185,0.0
